street_1.jpg,0
street_2.jpg,0
street_3.jpg,0
street_4.jpg,0
street_5.jpg,0
street_6.jpg,0
street_7.jpg,0
street_8.jpg,0
street_9.jpg,0
street_10.jpg,0
street_11.jpg,0
street_12.jpg,0
street_13.jpg,0
street_14.jpg,0
street_15.jpg,0
street_16.jpg,0
street_17.jpg,0
street_18.jpg,0
street_19.jpg,0
street_20.jpg,0
street_21.jpg,0
street_22.jpg,0
street_23.jpg,0
street_24.jpg,0
street_25.jpg,0
street_26.jpg,0
street_27.jpg,0
street_28.jpg,0
street_29.jpg,0
street_30.jpg,0
street_31.jpg,0
street_32.jpg,0
street_33.jpg,0
street_34.jpg,0
street_35.jpg,0
street_36.jpg,0
street_37.jpg,0
street_38.jpg,0
street_39.jpg,0
street_40.jpg,0
street_41.jpg,0
street_42.jpg,0
street_43.jpg,0
street_44.jpg,0
street_45.jpg,0
street_46.jpg,0
street_47.jpg,0
street_48.jpg,0
street_49.jpg,0
street_50.jpg,0
street_51.jpg,0
street_52.jpg,0
street_53.jpg,0
street_54.jpg,0
street_55.jpg,0
street_56.jpg,0
street_57.jpg,0
street_58.jpg,0
street_59.jpg,0
street_60.jpg,0
street_61.jpg,0
street_62.jpg,0
street_63.jpg,0
street_64.jpg,0
street_65.jpg,0
street_66.jpg,0
street_67.jpg,0
street_68.jpg,0
street_69.jpg,0
street_70.jpg,0
street_71.jpg,0
street_72.jpg,0
street_73.jpg,0
street_74.jpg,0
street_75.jpg,0
street_76.jpg,0
street_77.jpg,0
street_78.jpg,0
street_79.jpg,0
street_80.jpg,0
street_81.jpg,0
street_82.jpg,0
street_83.jpg,0
street_84.jpg,0
street_85.jpg,0
street_86.jpg,0
street_87.jpg,0
street_88.jpg,0
street_89.jpg,0
street_90.jpg,0
street_91.jpg,0
street_92.jpg,0
street_93.jpg,0
street_94.jpg,0
street_95.jpg,0
street_96.jpg,0
street_97.jpg,0
street_98.jpg,0
street_99.jpg,0
street_100.jpg,0
street_101.jpg,0
street_102.jpg,0
street_103.jpg,0
street_104.jpg,0
street_105.jpg,0
street_106.jpg,0
street_107.jpg,0
street_108.jpg,0
street_109.jpg,0
street_110.jpg,0
street_111.jpg,0
street_112.jpg,0
street_113.jpg,0
street_114.jpg,0
street_115.jpg,0
street_116.jpg,0
street_117.jpg,0
street_118.jpg,0
street_119.jpg,0
street_120.jpg,0
street_121.jpg,0
street_122.jpg,0
street_123.jpg,0
street_124.jpg,0
street_125.jpg,0
street_126.jpg,0
street_127.jpg,0
street_128.jpg,0
street_129.jpg,0
street_130.jpg,0
street_131.jpg,0
street_132.jpg,0
street_133.jpg,0
street_134.jpg,0
street_135.jpg,0
street_136.jpg,0
street_137.jpg,0
street_138.jpg,0
street_139.jpg,0
street_140.jpg,0
street_141.jpg,0
street_142.jpg,0
street_143.jpg,0
street_144.jpg,0
street_145.jpg,0
street_146.jpg,0
street_147.jpg,0
street_148.jpg,0
street_149.jpg,0
street_150.jpg,0
street_151.jpg,0
street_152.jpg,0
street_153.jpg,0
street_154.jpg,0
street_155.jpg,0
street_156.jpg,0
street_157.jpg,0
street_158.jpg,0
street_159.jpg,0
street_160.jpg,0
street_161.jpg,0
street_162.jpg,0
street_163.jpg,0
street_164.jpg,0
street_165.jpg,0
street_166.jpg,0
street_167.jpg,0
street_168.jpg,0
street_169.jpg,0
street_170.jpg,0
street_171.jpg,0
street_172.jpg,0
street_173.jpg,0
street_174.jpg,0
street_175.jpg,0
street_176.jpg,0
street_177.jpg,0
street_178.jpg,0
street_179.jpg,0
street_180.jpg,0
street_181.jpg,0
street_182.jpg,0
street_183.jpg,0
street_184.jpg,0
street_185.jpg,0
street_186.jpg,0
street_187.jpg,0
street_188.jpg,0
street_189.jpg,0
street_190.jpg,0
street_191.jpg,0
street_192.jpg,0
street_193.jpg,0
street_194.jpg,0
street_195.jpg,0
street_196.jpg,0
street_197.jpg,0
street_198.jpg,0
street_199.jpg,0
street_200.jpg,0
street_201.jpg,0
street_202.jpg,0
street_203.jpg,0
street_204.jpg,0
street_205.jpg,0
street_206.jpg,0
street_207.jpg,0
street_208.jpg,0
street_209.jpg,0
street_210.jpg,0
street_211.jpg,0
street_212.jpg,0
street_213.jpg,0
street_214.jpg,0
street_215.jpg,0
street_216.jpg,0
street_217.jpg,0
street_218.jpg,0
street_219.jpg,0
street_220.jpg,0
street_221.jpg,0
street_222.jpg,0
street_223.jpg,0
street_224.jpg,0
street_225.jpg,0
street_226.jpg,0
street_227.jpg,0
street_228.jpg,0
street_229.jpg,0
street_230.jpg,0
street_231.jpg,0
street_232.jpg,0
street_233.jpg,0
street_234.jpg,0
street_235.jpg,0
street_236.jpg,0
street_237.jpg,0
street_238.jpg,0
street_239.jpg,0
street_240.jpg,0
street_241.jpg,0
street_242.jpg,0
street_243.jpg,0
street_244.jpg,0
street_245.jpg,0
street_246.jpg,0
street_247.jpg,0
street_248.jpg,0
street_249.jpg,0
street_250.jpg,0
street_251.jpg,0
street_252.jpg,0
street_253.jpg,0
street_254.jpg,0
street_255.jpg,0
street_256.jpg,0
street_257.jpg,0
street_258.jpg,0
street_259.jpg,0
street_260.jpg,0
street_261.jpg,0
street_262.jpg,0
street_263.jpg,0
street_264.jpg,0
street_265.jpg,0
street_266.jpg,0
street_267.jpg,0
street_268.jpg,0
street_269.jpg,0
street_270.jpg,0
street_271.jpg,0
street_272.jpg,0
street_273.jpg,0
street_274.jpg,0
street_275.jpg,0
street_276.jpg,0
street_277.jpg,0
street_278.jpg,0
street_279.jpg,0
street_280.jpg,0
street_281.jpg,0
street_282.jpg,0
street_283.jpg,0
street_284.jpg,0
street_285.jpg,0
street_286.jpg,0
street_287.jpg,0
street_288.jpg,0
street_289.jpg,0
street_290.jpg,0
street_291.jpg,0
street_292.jpg,0
street_293.jpg,0
street_294.jpg,0
street_295.jpg,0
street_296.jpg,0
street_297.jpg,0
street_298.jpg,0
street_299.jpg,0
street_300.jpg,0
street_301.jpg,0
street_302.jpg,0
street_303.jpg,0
street_304.jpg,0
street_305.jpg,0
street_306.jpg,0
street_307.jpg,0
street_308.jpg,0
street_309.jpg,0
street_310.jpg,0
street_311.jpg,0
street_312.jpg,0
street_313.jpg,0
street_314.jpg,0
street_315.jpg,0
street_316.jpg,0
street_317.jpg,0
street_318.jpg,0
street_319.jpg,0
street_320.jpg,0
street_321.jpg,0
street_322.jpg,0
street_323.jpg,0
street_324.jpg,0
street_325.jpg,0
street_326.jpg,0
street_327.jpg,0
street_328.jpg,0
street_329.jpg,0
street_330.jpg,0
street_331.jpg,0
street_332.jpg,0
street_333.jpg,0
street_334.jpg,0
street_335.jpg,0
street_336.jpg,0
street_337.jpg,0
street_338.jpg,0
street_339.jpg,0
street_340.jpg,0
street_341.jpg,0
street_342.jpg,0
street_343.jpg,0
street_344.jpg,0
street_345.jpg,0
street_346.jpg,0
street_347.jpg,0
street_348.jpg,0
street_349.jpg,0
street_350.jpg,0
street_351.jpg,0
street_352.jpg,0
street_353.jpg,0
street_354.jpg,0
street_355.jpg,0
street_356.jpg,0
street_357.jpg,0
street_358.jpg,0
street_359.jpg,0
street_360.jpg,0
street_361.jpg,0
street_362.jpg,0
street_363.jpg,0
street_364.jpg,0
street_365.jpg,0
street_366.jpg,0
street_367.jpg,0
street_368.jpg,0
street_369.jpg,0
street_370.jpg,0
street_371.jpg,0
street_372.jpg,0
street_373.jpg,0
street_374.jpg,0
street_375.jpg,0
street_376.jpg,0
street_377.jpg,0
street_378.jpg,0
street_379.jpg,0
street_380.jpg,0
street_381.jpg,0
street_382.jpg,0
street_383.jpg,0
street_384.jpg,0
street_385.jpg,0
street_386.jpg,0
street_387.jpg,0
street_388.jpg,0
street_389.jpg,0
street_390.jpg,0
street_391.jpg,0
street_392.jpg,0
street_393.jpg,0
street_394.jpg,0
street_395.jpg,0
street_396.jpg,0
street_397.jpg,0
street_398.jpg,0
street_399.jpg,0
street_400.jpg,0
street_401.jpg,0
street_402.jpg,0
street_403.jpg,0
street_404.jpg,0
street_405.jpg,0
street_406.jpg,0
street_407.jpg,0
street_408.jpg,0
street_409.jpg,0
street_410.jpg,0
street_411.jpg,0
street_412.jpg,0
street_413.jpg,0
street_414.jpg,0
street_415.jpg,0
street_416.jpg,0
street_417.jpg,0
street_418.jpg,0
street_419.jpg,0
street_420.jpg,0
street_421.jpg,0
street_422.jpg,0
street_423.jpg,0
street_424.jpg,0
street_425.jpg,0
street_426.jpg,0
street_427.jpg,0
street_428.jpg,0
street_429.jpg,0
street_430.jpg,0
street_431.jpg,0
street_432.jpg,0
street_433.jpg,0
street_434.jpg,0
street_435.jpg,0
street_436.jpg,0
street_437.jpg,0
street_438.jpg,0
street_439.jpg,0
street_440.jpg,0
street_441.jpg,0
street_442.jpg,0
street_443.jpg,0
street_444.jpg,0
street_445.jpg,0
street_446.jpg,0
street_447.jpg,0
street_448.jpg,0
street_449.jpg,0
street_450.jpg,0
street_451.jpg,0
street_452.jpg,0
street_453.jpg,0
street_454.jpg,0
street_455.jpg,0
street_456.jpg,0
street_457.jpg,0
street_458.jpg,0
street_459.jpg,0
street_460.jpg,0
street_461.jpg,0
street_462.jpg,0
street_463.jpg,0
street_464.jpg,0
street_465.jpg,0
street_466.jpg,0
street_467.jpg,0
street_468.jpg,0
street_469.jpg,0
street_470.jpg,0
street_471.jpg,0
street_472.jpg,0
street_473.jpg,0
street_474.jpg,0
street_475.jpg,0
street_476.jpg,0
street_477.jpg,0
street_478.jpg,0
street_479.jpg,0
street_480.jpg,0
street_481.jpg,0
street_482.jpg,0
street_483.jpg,0
street_484.jpg,0
street_485.jpg,0
street_486.jpg,0
street_487.jpg,0
street_488.jpg,0
street_489.jpg,0
street_490.jpg,0
street_491.jpg,0
street_492.jpg,0
street_493.jpg,0
street_494.jpg,0
street_495.jpg,0
street_496.jpg,0
street_497.jpg,0
street_498.jpg,0
street_499.jpg,0
street_500.jpg,0
street_501.jpg,0
street_502.jpg,0
street_503.jpg,0
street_504.jpg,0
street_505.jpg,0
street_506.jpg,0
street_507.jpg,0
street_508.jpg,0
street_509.jpg,0
street_510.jpg,0
street_511.jpg,0
street_512.jpg,0
street_513.jpg,0
street_514.jpg,0
street_515.jpg,0
street_516.jpg,0
street_517.jpg,0
street_518.jpg,0
street_519.jpg,0
street_520.jpg,0
street_521.jpg,0
street_522.jpg,0
street_523.jpg,0
street_524.jpg,0
street_525.jpg,0
street_526.jpg,0
street_527.jpg,0
street_528.jpg,0
street_529.jpg,0
street_530.jpg,0
street_531.jpg,0
street_532.jpg,0
street_533.jpg,0
street_534.jpg,0
street_535.jpg,0
street_536.jpg,0
street_537.jpg,0
street_538.jpg,0
street_539.jpg,0
street_540.jpg,0
street_541.jpg,0
street_542.jpg,0
street_543.jpg,0
street_544.jpg,0
street_545.jpg,0
street_546.jpg,0
street_547.jpg,0
street_548.jpg,0
street_549.jpg,0
street_550.jpg,0
street_551.jpg,0
street_552.jpg,0
street_553.jpg,0
street_554.jpg,0
street_555.jpg,0
street_556.jpg,0
street_557.jpg,0
street_558.jpg,0
street_559.jpg,0
street_560.jpg,0
street_561.jpg,0
street_562.jpg,0
street_563.jpg,0
street_564.jpg,0
street_565.jpg,0
street_566.jpg,0
street_567.jpg,0
street_568.jpg,0
street_569.jpg,0
street_570.jpg,0
street_571.jpg,0
street_572.jpg,0
street_573.jpg,0
street_574.jpg,0
street_575.jpg,0
street_576.jpg,0
street_577.jpg,0
street_578.jpg,0
street_579.jpg,0
street_580.jpg,0
street_581.jpg,0
street_582.jpg,0
street_583.jpg,0
street_584.jpg,0
street_585.jpg,0
street_586.jpg,0
street_587.jpg,0
street_588.jpg,0
street_589.jpg,0
street_590.jpg,0
street_591.jpg,0
street_592.jpg,0
street_593.jpg,0
street_594.jpg,0
street_595.jpg,0
street_596.jpg,0
street_597.jpg,0
street_598.jpg,0
street_599.jpg,0
street_600.jpg,0
street_601.jpg,0
street_602.jpg,0
street_603.jpg,0
street_604.jpg,0
street_605.jpg,0
street_606.jpg,0
street_607.jpg,0
street_608.jpg,0
street_609.jpg,0
street_610.jpg,0
street_611.jpg,0
street_612.jpg,0
street_613.jpg,0
street_614.jpg,0
street_615.jpg,0
street_616.jpg,0
street_617.jpg,0
street_618.jpg,0
street_619.jpg,0
street_620.jpg,0
street_621.jpg,0
street_622.jpg,0
street_623.jpg,0
street_624.jpg,0
street_625.jpg,0
street_626.jpg,0
street_627.jpg,0
street_628.jpg,0
street_629.jpg,0
street_630.jpg,0
street_631.jpg,0
street_632.jpg,0
street_633.jpg,0
street_634.jpg,0
street_635.jpg,0
street_636.jpg,0
street_637.jpg,0
street_638.jpg,0
street_639.jpg,0
street_640.jpg,0
street_641.jpg,0
street_642.jpg,0
street_643.jpg,0
street_644.jpg,0
street_645.jpg,0
street_646.jpg,0
street_647.jpg,0
street_648.jpg,0
street_649.jpg,0
street_650.jpg,0
street_651.jpg,0
street_652.jpg,0
street_653.jpg,0
street_654.jpg,0
street_655.jpg,0
street_656.jpg,0
street_657.jpg,0
street_658.jpg,0
street_659.jpg,0
street_660.jpg,0
street_661.jpg,0
street_662.jpg,0
street_663.jpg,0
street_664.jpg,0
street_665.jpg,0
street_666.jpg,0
street_667.jpg,0
street_668.jpg,0
street_669.jpg,0
street_670.jpg,0
street_671.jpg,0
street_672.jpg,0
street_673.jpg,0
street_674.jpg,0
street_675.jpg,0
street_676.jpg,0
street_677.jpg,0
street_678.jpg,0
street_679.jpg,0
street_680.jpg,0
street_681.jpg,0
street_682.jpg,0
street_683.jpg,0
street_684.jpg,0
street_685.jpg,0
street_686.jpg,0
street_687.jpg,0
street_688.jpg,0
street_689.jpg,0
street_690.jpg,0
street_691.jpg,0
street_692.jpg,0
street_693.jpg,0
street_694.jpg,0
street_695.jpg,0
street_696.jpg,0
street_697.jpg,0
street_698.jpg,0
street_699.jpg,0
street_700.jpg,0
street_701.jpg,0
street_702.jpg,0
street_703.jpg,0
street_704.jpg,0
street_705.jpg,0
street_706.jpg,0
street_707.jpg,0
street_708.jpg,0
street_709.jpg,0
street_710.jpg,0
street_711.jpg,0
street_712.jpg,0
street_713.jpg,0
street_714.jpg,0
street_715.jpg,0
street_716.jpg,0
street_717.jpg,0
street_718.jpg,0
street_719.jpg,0
street_720.jpg,0
street_721.jpg,0
street_722.jpg,0
street_723.jpg,0
street_724.jpg,0
street_725.jpg,0
street_726.jpg,0
street_727.jpg,0
street_728.jpg,0
street_729.jpg,0
street_730.jpg,0
street_731.jpg,0
street_732.jpg,0
street_733.jpg,0
street_734.jpg,0
street_735.jpg,0
street_736.jpg,0
street_737.jpg,0
street_738.jpg,0
street_739.jpg,0
street_740.jpg,0
street_741.jpg,0
street_742.jpg,0
street_743.jpg,0
street_744.jpg,0
street_745.jpg,0
street_746.jpg,0
street_747.jpg,0
street_748.jpg,0
street_749.jpg,0
street_750.jpg,0
street_751.jpg,0
street_752.jpg,0
street_753.jpg,0
street_754.jpg,0
street_755.jpg,0
street_756.jpg,0
street_757.jpg,0
street_758.jpg,0
street_759.jpg,0
street_760.jpg,0
street_761.jpg,0
street_762.jpg,0
street_763.jpg,0
street_764.jpg,0
street_765.jpg,0
street_766.jpg,0
street_767.jpg,0
street_768.jpg,0
street_769.jpg,0
street_770.jpg,0
street_771.jpg,0
street_772.jpg,0
street_773.jpg,0
street_774.jpg,0
street_775.jpg,0
street_776.jpg,0
street_777.jpg,0
street_778.jpg,0
street_779.jpg,0
street_780.jpg,0
street_781.jpg,0
street_782.jpg,0
street_783.jpg,0
street_784.jpg,0
street_785.jpg,0
street_786.jpg,0
street_787.jpg,0
street_788.jpg,0
street_789.jpg,0
street_790.jpg,0
street_791.jpg,0
street_792.jpg,0
street_793.jpg,0
street_794.jpg,0
street_795.jpg,0
street_796.jpg,0
street_797.jpg,0
street_798.jpg,0
street_799.jpg,0
street_800.jpg,0
street_801.jpg,0
street_802.jpg,0
street_803.jpg,0
street_804.jpg,0
street_805.jpg,0
street_806.jpg,0
street_807.jpg,0
street_808.jpg,0
street_809.jpg,0
street_810.jpg,0
street_811.jpg,0
street_812.jpg,0
street_813.jpg,0
street_814.jpg,0
street_815.jpg,0
street_816.jpg,0
street_817.jpg,0
street_818.jpg,0
street_819.jpg,0
street_820.jpg,0
street_821.jpg,0
street_822.jpg,0
street_823.jpg,0
street_824.jpg,0
street_825.jpg,0
street_826.jpg,0
street_827.jpg,0
street_828.jpg,0
street_829.jpg,0
street_830.jpg,0
street_831.jpg,0
street_832.jpg,0
street_833.jpg,0
street_834.jpg,0
street_835.jpg,0
street_836.jpg,0
street_837.jpg,0
street_838.jpg,0
street_839.jpg,0
street_840.jpg,0
street_841.jpg,0
street_842.jpg,0
street_843.jpg,0
street_844.jpg,0
street_845.jpg,0
street_846.jpg,0
street_847.jpg,0
street_848.jpg,0
street_849.jpg,0
street_850.jpg,0
street_851.jpg,0
street_852.jpg,0
street_853.jpg,0
street_854.jpg,0
street_855.jpg,0
street_856.jpg,0
street_857.jpg,0
street_858.jpg,0
street_859.jpg,0
street_860.jpg,0
street_861.jpg,0
street_862.jpg,0
street_863.jpg,0
street_864.jpg,0
street_865.jpg,0
street_866.jpg,0
street_867.jpg,0
street_868.jpg,0
street_869.jpg,0
street_870.jpg,0
street_871.jpg,0
street_872.jpg,0
street_873.jpg,0
street_874.jpg,0
street_875.jpg,0
street_876.jpg,0
street_877.jpg,0
street_878.jpg,0
street_879.jpg,0
street_880.jpg,0
street_881.jpg,0
street_882.jpg,0
street_883.jpg,0
street_884.jpg,0
street_885.jpg,0
street_886.jpg,0
street_887.jpg,0
street_888.jpg,0
street_889.jpg,0
street_890.jpg,0
street_891.jpg,0
street_892.jpg,0
street_893.jpg,0
street_894.jpg,0
street_895.jpg,0
street_896.jpg,0
street_897.jpg,0
street_898.jpg,0
street_899.jpg,0
street_900.jpg,0
street_901.jpg,0
street_902.jpg,0
street_903.jpg,0
street_904.jpg,0
street_905.jpg,0
street_906.jpg,0
street_907.jpg,0
street_908.jpg,0
street_909.jpg,0
street_910.jpg,0
street_911.jpg,0
street_912.jpg,0
street_913.jpg,0
street_914.jpg,0
street_915.jpg,0
street_916.jpg,0
street_917.jpg,0
street_918.jpg,0
street_919.jpg,0
street_920.jpg,0
street_921.jpg,0
street_922.jpg,0
street_923.jpg,0
street_924.jpg,0
street_925.jpg,0
street_926.jpg,0
street_927.jpg,0
street_928.jpg,0
street_929.jpg,0
street_930.jpg,0
street_931.jpg,0
street_932.jpg,0
street_933.jpg,0
street_934.jpg,0
street_935.jpg,0
street_936.jpg,0
street_937.jpg,0
street_938.jpg,0
street_939.jpg,0
street_940.jpg,0
street_941.jpg,0
street_942.jpg,0
street_943.jpg,0
street_944.jpg,0
street_945.jpg,0
street_946.jpg,0
street_947.jpg,0
street_948.jpg,0
street_949.jpg,0
street_950.jpg,0
street_951.jpg,0
street_952.jpg,0
street_953.jpg,0
street_954.jpg,0
street_955.jpg,0
street_956.jpg,0
street_957.jpg,0
street_958.jpg,0
street_959.jpg,0
street_960.jpg,0
street_961.jpg,0
street_962.jpg,0
street_963.jpg,0
street_964.jpg,0
street_965.jpg,0
street_966.jpg,0
street_967.jpg,0
street_968.jpg,0
street_969.jpg,0
street_970.jpg,0
street_971.jpg,0
street_972.jpg,0
street_973.jpg,0
street_974.jpg,0
street_975.jpg,0
street_976.jpg,0
street_977.jpg,0
street_978.jpg,0
street_979.jpg,0
street_980.jpg,0
street_981.jpg,0
street_982.jpg,0
street_983.jpg,0
street_984.jpg,0
street_985.jpg,0
street_986.jpg,0
street_987.jpg,0
street_988.jpg,0
street_989.jpg,0
street_990.jpg,0
street_991.jpg,0
street_992.jpg,0
street_993.jpg,0
street_994.jpg,0
street_995.jpg,0
street_996.jpg,0
street_997.jpg,0
street_998.jpg,0
street_999.jpg,0
street_1000.jpg,0
street_1001.jpg,0
street_1002.jpg,0
street_1003.jpg,0
street_1004.jpg,0
street_1005.jpg,0
street_1006.jpg,0
street_1007.jpg,0
street_1008.jpg,0
street_1009.jpg,0
street_1010.jpg,0
street_1011.jpg,0
street_1012.jpg,0
street_1013.jpg,0
street_1014.jpg,0
street_1015.jpg,0
street_1016.jpg,0
street_1017.jpg,0
street_1018.jpg,0
street_1019.jpg,0
street_1020.jpg,0
street_1021.jpg,0
street_1022.jpg,0
street_1023.jpg,0
street_1024.jpg,0
street_1025.jpg,0
street_1026.jpg,0
street_1027.jpg,0
street_1028.jpg,0
street_1029.jpg,0
street_1030.jpg,0
street_1031.jpg,0
street_1032.jpg,0
street_1033.jpg,0
street_1034.jpg,0
street_1035.jpg,0
street_1036.jpg,0
street_1037.jpg,0
street_1038.jpg,0
street_1039.jpg,0
street_1040.jpg,0
street_1041.jpg,0
street_1042.jpg,0
street_1043.jpg,0
street_1044.jpg,0
street_1045.jpg,0
street_1046.jpg,0
street_1047.jpg,0
street_1048.jpg,0
street_1049.jpg,0
street_1050.jpg,0
street_1051.jpg,0
street_1052.jpg,0
street_1053.jpg,0
street_1054.jpg,0
street_1055.jpg,0
street_1056.jpg,0
street_1057.jpg,0
street_1058.jpg,0
street_1059.jpg,0
street_1060.jpg,0
street_1061.jpg,0
street_1062.jpg,0
street_1063.jpg,0
street_1064.jpg,0
street_1065.jpg,0
street_1066.jpg,0
street_1067.jpg,0
street_1068.jpg,0
street_1069.jpg,0
street_1070.jpg,0
street_1071.jpg,0
street_1072.jpg,0
street_1073.jpg,0
street_1074.jpg,0
street_1075.jpg,0
street_1076.jpg,0
street_1077.jpg,0
street_1078.jpg,0
street_1079.jpg,0
street_1080.jpg,0
street_1081.jpg,0
street_1082.jpg,0
street_1083.jpg,0
street_1084.jpg,0
street_1085.jpg,0
street_1086.jpg,0
street_1087.jpg,0
street_1088.jpg,0
street_1089.jpg,0
street_1090.jpg,0
street_1091.jpg,0
street_1092.jpg,0
street_1093.jpg,0
street_1094.jpg,0
street_1095.jpg,0
street_1096.jpg,0
street_1097.jpg,0
street_1098.jpg,0
street_1099.jpg,0
street_1100.jpg,0
street_1101.jpg,0
street_1102.jpg,0
street_1103.jpg,0
street_1104.jpg,0
street_1105.jpg,0
street_1106.jpg,0
street_1107.jpg,0
street_1108.jpg,0
street_1109.jpg,0
street_1110.jpg,0
street_1111.jpg,0
street_1112.jpg,0
street_1113.jpg,0
street_1114.jpg,0
street_1115.jpg,0
street_1116.jpg,0
street_1117.jpg,0
street_1118.jpg,0
street_1119.jpg,0
street_1120.jpg,0
street_1121.jpg,0
street_1122.jpg,0
street_1123.jpg,0
street_1124.jpg,0
street_1125.jpg,0
street_1126.jpg,0
street_1127.jpg,0
street_1128.jpg,0
street_1129.jpg,0
street_1130.jpg,0
street_1131.jpg,0
street_1132.jpg,0
street_1133.jpg,0
street_1134.jpg,0
street_1135.jpg,0
street_1136.jpg,0
street_1137.jpg,0
street_1138.jpg,0
street_1139.jpg,0
street_1140.jpg,0
street_1141.jpg,0
street_1142.jpg,0
street_1143.jpg,0
street_1144.jpg,0
street_1145.jpg,0
street_1146.jpg,0
street_1147.jpg,0
street_1148.jpg,0
street_1149.jpg,0
street_1150.jpg,0
street_1151.jpg,0
street_1152.jpg,0
street_1153.jpg,0
street_1154.jpg,0
street_1155.jpg,0
street_1156.jpg,0
street_1157.jpg,0
street_1158.jpg,0
street_1159.jpg,0
street_1160.jpg,0
street_1161.jpg,0
street_1162.jpg,0
street_1163.jpg,0
street_1164.jpg,0
street_1165.jpg,0
street_1166.jpg,0
street_1167.jpg,0
street_1168.jpg,0
street_1169.jpg,0
street_1170.jpg,0
street_1171.jpg,0
street_1172.jpg,0
street_1173.jpg,0
street_1174.jpg,0
street_1175.jpg,0
street_1176.jpg,0
street_1177.jpg,0
street_1178.jpg,0
street_1179.jpg,0
street_1180.jpg,0
street_1181.jpg,0
street_1182.jpg,0
street_1183.jpg,0
street_1184.jpg,0
street_1185.jpg,0
street_1186.jpg,0
street_1187.jpg,0
street_1188.jpg,0
street_1189.jpg,0
street_1190.jpg,0
street_1191.jpg,0
street_1192.jpg,0
street_1193.jpg,0
street_1194.jpg,0
street_1195.jpg,0
street_1196.jpg,0
street_1197.jpg,0
street_1198.jpg,0
street_1199.jpg,0
street_1200.jpg,0
street_1201.jpg,0
street_1202.jpg,0
street_1203.jpg,0
street_1204.jpg,0
street_1205.jpg,0
street_1206.jpg,0
street_1207.jpg,0
street_1208.jpg,0
street_1209.jpg,0
street_1210.jpg,0
street_1211.jpg,0
street_1212.jpg,0
street_1213.jpg,0
street_1214.jpg,0
street_1215.jpg,0
street_1216.jpg,0
street_1217.jpg,0
street_1218.jpg,0
street_1219.jpg,0
street_1220.jpg,0
street_1221.jpg,0
street_1222.jpg,0
street_1223.jpg,0
street_1224.jpg,0
street_1225.jpg,0
street_1226.jpg,0
street_1227.jpg,0
street_1228.jpg,0
street_1229.jpg,0
street_1230.jpg,0
street_1231.jpg,0
street_1232.jpg,0
street_1233.jpg,0
street_1234.jpg,0
street_1235.jpg,0
street_1236.jpg,0
street_1237.jpg,0
street_1238.jpg,0
street_1239.jpg,0
street_1240.jpg,0
street_1241.jpg,0
street_1242.jpg,0
street_1243.jpg,0
street_1244.jpg,0
street_1245.jpg,0
street_1246.jpg,0
street_1247.jpg,0
street_1248.jpg,0
street_1249.jpg,0
street_1250.jpg,0
street_1251.jpg,0
street_1252.jpg,0
street_1253.jpg,0
street_1254.jpg,0
street_1255.jpg,0
street_1256.jpg,0
street_1257.jpg,0
street_1258.jpg,0
street_1259.jpg,0
street_1260.jpg,0
street_1261.jpg,0
street_1262.jpg,0
street_1263.jpg,0
street_1264.jpg,0
street_1265.jpg,0
street_1266.jpg,0
street_1267.jpg,0
street_1268.jpg,0
street_1269.jpg,0
street_1270.jpg,0
street_1271.jpg,0
street_1272.jpg,0
street_1273.jpg,0
street_1274.jpg,0
street_1275.jpg,0
street_1276.jpg,0
street_1277.jpg,0
street_1278.jpg,0
street_1279.jpg,0
street_1280.jpg,0
street_1281.jpg,0
street_1282.jpg,0
street_1283.jpg,0
street_1284.jpg,0
street_1285.jpg,0
street_1286.jpg,0
street_1287.jpg,0
street_1288.jpg,0
street_1289.jpg,0
street_1290.jpg,0
street_1291.jpg,0
street_1292.jpg,0
street_1293.jpg,0
street_1294.jpg,0
street_1295.jpg,0
street_1296.jpg,0
street_1297.jpg,0
street_1298.jpg,0
street_1299.jpg,0
street_1300.jpg,0
street_1301.jpg,0
street_1302.jpg,0
street_1303.jpg,0
street_1304.jpg,0
street_1305.jpg,0
street_1306.jpg,0
street_1307.jpg,0
street_1308.jpg,0
street_1309.jpg,0
street_1310.jpg,0
street_1311.jpg,0
street_1312.jpg,0
street_1313.jpg,0
street_1314.jpg,0
street_1315.jpg,0
street_1316.jpg,0
street_1317.jpg,0
street_1318.jpg,0
street_1319.jpg,0
street_1320.jpg,0
street_1321.jpg,0
street_1322.jpg,0
street_1323.jpg,0
street_1324.jpg,0
street_1325.jpg,0
street_1326.jpg,0
street_1327.jpg,0
street_1328.jpg,0
street_1329.jpg,0
street_1330.jpg,0
street_1331.jpg,0
street_1332.jpg,0
street_1333.jpg,0
street_1334.jpg,0
street_1335.jpg,0
street_1336.jpg,0
street_1337.jpg,0
street_1338.jpg,0
street_1339.jpg,0
street_1340.jpg,0
street_1341.jpg,0
street_1342.jpg,0
street_1343.jpg,0
street_1344.jpg,0
street_1345.jpg,0
street_1346.jpg,0
street_1347.jpg,0
street_1348.jpg,0
street_1349.jpg,0
street_1350.jpg,0
street_1351.jpg,0
street_1352.jpg,0
street_1353.jpg,0
street_1354.jpg,0
street_1355.jpg,0
street_1356.jpg,0
street_1357.jpg,0
street_1358.jpg,0
street_1359.jpg,0
street_1360.jpg,0
street_1361.jpg,0
street_1362.jpg,0
street_1363.jpg,0
street_1364.jpg,0
street_1365.jpg,0
street_1366.jpg,0
street_1367.jpg,0
street_1368.jpg,0
street_1369.jpg,0
street_1370.jpg,0
street_1371.jpg,0
street_1372.jpg,0
street_1373.jpg,0
street_1374.jpg,0
street_1375.jpg,0
street_1376.jpg,0
street_1377.jpg,0
street_1378.jpg,0
street_1379.jpg,0
street_1380.jpg,0
street_1381.jpg,0
street_1382.jpg,0
street_1383.jpg,0
street_1384.jpg,0
street_1385.jpg,0
street_1386.jpg,0
street_1387.jpg,0
street_1388.jpg,0
street_1389.jpg,0
street_1390.jpg,0
street_1391.jpg,0
street_1392.jpg,0
street_1393.jpg,0
street_1394.jpg,0
street_1395.jpg,0
street_1396.jpg,0
street_1397.jpg,0
street_1398.jpg,0
street_1399.jpg,0
street_1400.jpg,0
street_1401.jpg,0
street_1402.jpg,0
street_1403.jpg,0
street_1404.jpg,0
street_1405.jpg,0
street_1406.jpg,0
street_1407.jpg,0
street_1408.jpg,0
street_1409.jpg,0
street_1410.jpg,0
street_1411.jpg,0
street_1412.jpg,0
street_1413.jpg,0
street_1414.jpg,0
street_1415.jpg,0
street_1416.jpg,0
street_1417.jpg,0
street_1418.jpg,0
street_1419.jpg,0
street_1420.jpg,0
street_1421.jpg,0
street_1422.jpg,0
street_1423.jpg,0
street_1424.jpg,0
street_1425.jpg,0
street_1426.jpg,0
street_1427.jpg,0
street_1428.jpg,0
street_1429.jpg,0
street_1430.jpg,0
street_1431.jpg,0
street_1432.jpg,0
street_1433.jpg,0
street_1434.jpg,0
street_1435.jpg,0
street_1436.jpg,0
street_1437.jpg,0
street_1438.jpg,0
street_1439.jpg,0
street_1440.jpg,0
street_1441.jpg,0
street_1442.jpg,0
street_1443.jpg,0
street_1444.jpg,0
street_1445.jpg,0
street_1446.jpg,0
street_1447.jpg,0
street_1448.jpg,0
street_1449.jpg,0
street_1450.jpg,0
street_1451.jpg,0
street_1452.jpg,0
street_1453.jpg,0
street_1454.jpg,0
street_1455.jpg,0
street_1456.jpg,0
street_1457.jpg,0
street_1458.jpg,0
street_1459.jpg,0
street_1460.jpg,0
street_1461.jpg,0
street_1462.jpg,0
street_1463.jpg,0
street_1464.jpg,0
street_1465.jpg,0
street_1466.jpg,0
street_1467.jpg,0
street_1468.jpg,0
street_1469.jpg,0
street_1470.jpg,0
street_1471.jpg,0
street_1472.jpg,0
street_1473.jpg,0
street_1474.jpg,0
street_1475.jpg,0
street_1476.jpg,0
street_1477.jpg,0
street_1478.jpg,0
street_1479.jpg,0
street_1480.jpg,0
street_1481.jpg,0
street_1482.jpg,0
street_1483.jpg,0
street_1484.jpg,0
street_1485.jpg,0
street_1486.jpg,0
street_1487.jpg,0
street_1488.jpg,0
street_1489.jpg,0
street_1490.jpg,0
street_1491.jpg,0
street_1492.jpg,0
street_1493.jpg,0
street_1494.jpg,0
street_1495.jpg,0
street_1496.jpg,0
street_1497.jpg,0
street_1498.jpg,0
street_1499.jpg,0
street_1500.jpg,0
street_1501.jpg,0
street_1502.jpg,0
street_1503.jpg,0
street_1504.jpg,0
street_1505.jpg,0
street_1506.jpg,0
street_1507.jpg,0
street_1508.jpg,0
street_1509.jpg,0
street_1510.jpg,0
street_1511.jpg,0
street_1512.jpg,0
street_1513.jpg,0
street_1514.jpg,0
street_1515.jpg,0
street_1516.jpg,0
street_1517.jpg,0
street_1518.jpg,0
street_1519.jpg,0
street_1520.jpg,0
street_1521.jpg,0
street_1522.jpg,0
street_1523.jpg,0
street_1524.jpg,0
street_1525.jpg,0
street_1526.jpg,0
street_1527.jpg,0
street_1528.jpg,0
street_1529.jpg,0
street_1530.jpg,0
street_1531.jpg,0
street_1532.jpg,0
street_1533.jpg,0
street_1534.jpg,0
street_1535.jpg,0
street_1536.jpg,0
street_1537.jpg,0
street_1538.jpg,0
street_1539.jpg,0
street_1540.jpg,0
street_1541.jpg,0
street_1542.jpg,0
street_1543.jpg,0
street_1544.jpg,0
street_1545.jpg,0
street_1546.jpg,0
street_1547.jpg,0
street_1548.jpg,0
street_1549.jpg,0
street_1550.jpg,0
street_1551.jpg,0
street_1552.jpg,0
street_1553.jpg,0
street_1554.jpg,0
street_1555.jpg,0
street_1556.jpg,0
street_1557.jpg,0
street_1558.jpg,0
street_1559.jpg,0
street_1560.jpg,0
street_1561.jpg,0
street_1562.jpg,0
street_1563.jpg,0
street_1564.jpg,0
street_1565.jpg,0
street_1566.jpg,0
street_1567.jpg,0
street_1568.jpg,0
street_1569.jpg,0
street_1570.jpg,0
street_1571.jpg,0
street_1572.jpg,0
street_1573.jpg,0
street_1574.jpg,0
street_1575.jpg,0
street_1576.jpg,0
street_1577.jpg,0
street_1578.jpg,0
street_1579.jpg,0
street_1580.jpg,0
street_1581.jpg,0
street_1582.jpg,0
street_1583.jpg,0
street_1584.jpg,0
street_1585.jpg,0
street_1586.jpg,0
street_1587.jpg,0
street_1588.jpg,0
street_1589.jpg,0
street_1590.jpg,0
street_1591.jpg,0
street_1592.jpg,0
street_1593.jpg,0
street_1594.jpg,0
street_1595.jpg,0
street_1596.jpg,0
street_1597.jpg,0
street_1598.jpg,0
street_1599.jpg,0
street_1600.jpg,0
street_1601.jpg,0
street_1602.jpg,0
street_1603.jpg,0
street_1604.jpg,0
street_1605.jpg,0
street_1606.jpg,0
street_1607.jpg,0
street_1608.jpg,0
street_1609.jpg,0
street_1610.jpg,0
street_1611.jpg,0
street_1612.jpg,0
street_1613.jpg,0
street_1614.jpg,0
street_1615.jpg,0
street_1616.jpg,0
street_1617.jpg,0
street_1618.jpg,0
street_1619.jpg,0
street_1620.jpg,0
street_1621.jpg,0
street_1622.jpg,0
street_1623.jpg,0
street_1624.jpg,0
street_1625.jpg,0
street_1626.jpg,0
street_1627.jpg,0
street_1628.jpg,0
street_1629.jpg,0
street_1630.jpg,0
street_1631.jpg,0
street_1632.jpg,0
street_1633.jpg,0
street_1634.jpg,0
street_1635.jpg,0
street_1636.jpg,0
street_1637.jpg,0
street_1638.jpg,0
street_1639.jpg,0
street_1640.jpg,0
street_1641.jpg,0
street_1642.jpg,0
street_1643.jpg,0
street_1644.jpg,0
street_1645.jpg,0
street_1646.jpg,0
street_1647.jpg,0
street_1648.jpg,0
street_1649.jpg,0
street_1650.jpg,0
street_1651.jpg,0
street_1652.jpg,0
street_1653.jpg,0
street_1654.jpg,0
street_1655.jpg,0
street_1656.jpg,0
street_1657.jpg,0
street_1658.jpg,0
street_1659.jpg,0
street_1660.jpg,0
street_1661.jpg,0
street_1662.jpg,0
street_1663.jpg,0
street_1664.jpg,0
street_1665.jpg,0
street_1666.jpg,0
street_1667.jpg,0
street_1668.jpg,0
street_1669.jpg,0
street_1670.jpg,0
street_1671.jpg,0
street_1672.jpg,0
street_1673.jpg,0
street_1674.jpg,0
street_1675.jpg,0
street_1676.jpg,0
street_1677.jpg,0
street_1678.jpg,0
street_1679.jpg,0
street_1680.jpg,0
street_1681.jpg,0
street_1682.jpg,0
street_1683.jpg,0
street_1684.jpg,0
street_1685.jpg,0
street_1686.jpg,0
street_1687.jpg,0
street_1688.jpg,0
street_1689.jpg,0
street_1690.jpg,0
street_1691.jpg,0
street_1692.jpg,0
street_1693.jpg,0
street_1694.jpg,0
street_1695.jpg,0
street_1696.jpg,0
street_1697.jpg,0
street_1698.jpg,0
street_1699.jpg,0
street_1700.jpg,0
street_1701.jpg,0
street_1702.jpg,0
street_1703.jpg,0
street_1704.jpg,0
street_1705.jpg,0
street_1706.jpg,0
street_1707.jpg,0
street_1708.jpg,0
street_1709.jpg,0
street_1710.jpg,0
street_1711.jpg,0
street_1712.jpg,0
street_1713.jpg,0
street_1714.jpg,0
street_1715.jpg,0
street_1716.jpg,0
street_1717.jpg,0
street_1718.jpg,0
street_1719.jpg,0
street_1720.jpg,0
street_1721.jpg,0
street_1722.jpg,0
street_1723.jpg,0
street_1724.jpg,0
street_1725.jpg,0
street_1726.jpg,0
street_1727.jpg,0
street_1728.jpg,0
street_1729.jpg,0
street_1730.jpg,0
street_1731.jpg,0
street_1732.jpg,0
street_1733.jpg,0
street_1734.jpg,0
street_1735.jpg,0
street_1736.jpg,0
street_1737.jpg,0
street_1738.jpg,0
street_1739.jpg,0
street_1740.jpg,0
street_1741.jpg,0
street_1742.jpg,0
street_1743.jpg,0
street_1744.jpg,0
street_1745.jpg,0
street_1746.jpg,0
street_1747.jpg,0
street_1748.jpg,0
street_1749.jpg,0
street_1750.jpg,0
street_1751.jpg,0
street_1752.jpg,0
street_1753.jpg,0
street_1754.jpg,0
street_1755.jpg,0
street_1756.jpg,0
street_1757.jpg,0
street_1758.jpg,0
street_1759.jpg,0
street_1760.jpg,0
street_1761.jpg,0
street_1762.jpg,0
street_1763.jpg,0
street_1764.jpg,0
street_1765.jpg,0
street_1766.jpg,0
street_1767.jpg,0
street_1768.jpg,0
street_1769.jpg,0
street_1770.jpg,0
street_1771.jpg,0
street_1772.jpg,0
street_1773.jpg,0
street_1774.jpg,0
street_1775.jpg,0
street_1776.jpg,0
street_1777.jpg,0
street_1778.jpg,0
street_1779.jpg,0
street_1780.jpg,0
street_1781.jpg,0
street_1782.jpg,0
street_1783.jpg,0
street_1784.jpg,0
street_1785.jpg,0
street_1786.jpg,0
street_1787.jpg,0
street_1788.jpg,0
street_1789.jpg,0
street_1790.jpg,0
street_1791.jpg,0
street_1792.jpg,0
street_1793.jpg,0
street_1794.jpg,0
street_1795.jpg,0
street_1796.jpg,0
street_1797.jpg,0
street_1798.jpg,0
street_1799.jpg,0
street_1800.jpg,0
street_1801.jpg,0
street_1802.jpg,0
street_1803.jpg,0
street_1804.jpg,0
street_1805.jpg,0
street_1806.jpg,0
street_1807.jpg,0
street_1808.jpg,0
street_1809.jpg,0
street_1810.jpg,0
street_1811.jpg,0
street_1812.jpg,0
street_1813.jpg,0
street_1814.jpg,0
street_1815.jpg,0
street_1816.jpg,0
street_1817.jpg,0
street_1818.jpg,0
street_1819.jpg,0
street_1820.jpg,0
street_1821.jpg,0
street_1822.jpg,0
street_1823.jpg,0
street_1824.jpg,0
street_1825.jpg,0
street_1826.jpg,0
street_1827.jpg,0
street_1828.jpg,0
street_1829.jpg,0
street_1830.jpg,0
street_1831.jpg,0
street_1832.jpg,0
street_1833.jpg,0
street_1834.jpg,0
street_1835.jpg,0
street_1836.jpg,0
street_1837.jpg,0
street_1838.jpg,0
street_1839.jpg,0
street_1840.jpg,0
street_1841.jpg,0
street_1842.jpg,0
street_1843.jpg,0
street_1844.jpg,0
street_1845.jpg,0
street_1846.jpg,0
street_1847.jpg,0
street_1848.jpg,0
street_1849.jpg,0
street_1850.jpg,0
street_1851.jpg,0
street_1852.jpg,0
street_1853.jpg,0
street_1854.jpg,0
street_1855.jpg,0
street_1856.jpg,0
street_1857.jpg,0
street_1858.jpg,0
street_1859.jpg,0
street_1860.jpg,0
street_1861.jpg,0
street_1862.jpg,0
street_1863.jpg,0
street_1864.jpg,0
street_1865.jpg,0
street_1866.jpg,0
street_1867.jpg,0
street_1868.jpg,0
street_1869.jpg,0
street_1870.jpg,0
street_1871.jpg,0
street_1872.jpg,0
street_1873.jpg,0
street_1874.jpg,0
street_1875.jpg,0
street_1876.jpg,0
street_1877.jpg,0
street_1878.jpg,0
street_1879.jpg,0
street_1880.jpg,0
street_1881.jpg,0
street_1882.jpg,0
street_1883.jpg,0
street_1884.jpg,0
street_1885.jpg,0
street_1886.jpg,0
street_1887.jpg,0
street_1888.jpg,0
street_1889.jpg,0
street_1890.jpg,0
street_1891.jpg,0
street_1892.jpg,0
street_1893.jpg,0
street_1894.jpg,0
street_1895.jpg,0
street_1896.jpg,0
street_1897.jpg,0
street_1898.jpg,0
street_1899.jpg,0
street_1900.jpg,0
street_1901.jpg,0
street_1902.jpg,0
street_1903.jpg,0
street_1904.jpg,0
street_1905.jpg,0
street_1906.jpg,0
street_1907.jpg,0
street_1908.jpg,0
street_1909.jpg,0
street_1910.jpg,0
street_1911.jpg,0
street_1912.jpg,0
street_1913.jpg,0
street_1914.jpg,0
street_1915.jpg,0
street_1916.jpg,0
street_1917.jpg,0
street_1918.jpg,0
street_1919.jpg,0
street_1920.jpg,0
street_1921.jpg,0
street_1922.jpg,0
street_1923.jpg,0
street_1924.jpg,0
street_1925.jpg,0
street_1926.jpg,0
street_1927.jpg,0
street_1928.jpg,0
street_1929.jpg,0
street_1930.jpg,0
street_1931.jpg,0
street_1932.jpg,0
street_1933.jpg,0
street_1934.jpg,0
street_1935.jpg,0
street_1936.jpg,0
street_1937.jpg,0
street_1938.jpg,0
street_1939.jpg,0
street_1940.jpg,0
street_1941.jpg,0
street_1942.jpg,0
street_1943.jpg,0
street_1944.jpg,0
street_1945.jpg,0
street_1946.jpg,0
street_1947.jpg,0
street_1948.jpg,0
street_1949.jpg,0
street_1950.jpg,0
street_1951.jpg,0
street_1952.jpg,0
street_1953.jpg,0
street_1954.jpg,0
street_1955.jpg,0
street_1956.jpg,0
street_1957.jpg,0
street_1958.jpg,0
street_1959.jpg,0
street_1960.jpg,0
street_1961.jpg,0
street_1962.jpg,0
street_1963.jpg,0
street_1964.jpg,0
street_1965.jpg,0
street_1966.jpg,0
street_1967.jpg,0
street_1968.jpg,0
street_1969.jpg,0
street_1970.jpg,0
street_1971.jpg,0
street_1972.jpg,0
street_1973.jpg,0
street_1974.jpg,0
street_1975.jpg,0
street_1976.jpg,0
street_1977.jpg,0
street_1978.jpg,0
street_1979.jpg,0
street_1980.jpg,0
street_1981.jpg,0
street_1982.jpg,0
street_1983.jpg,0
street_1984.jpg,0
street_1985.jpg,0
street_1986.jpg,0
street_1987.jpg,0
street_1988.jpg,0
street_1989.jpg,0
street_1990.jpg,0
street_1991.jpg,0
street_1992.jpg,0
street_1993.jpg,0
street_1994.jpg,0
street_1995.jpg,0
street_1996.jpg,0
street_1997.jpg,0
street_1998.jpg,0
street_1999.jpg,0
street_2000.jpg,0
street_2001.jpg,0
street_2002.jpg,0
street_2003.jpg,0
street_2004.jpg,0
street_2005.jpg,0
street_2006.jpg,0
street_2007.jpg,0
street_2008.jpg,0
street_2009.jpg,0
street_2010.jpg,0
street_2011.jpg,0
street_2012.jpg,0
street_2013.jpg,0
street_2014.jpg,0
street_2015.jpg,0
street_2016.jpg,0
street_2017.jpg,0
street_2018.jpg,0
street_2019.jpg,0
street_2020.jpg,0
street_2021.jpg,0
street_2022.jpg,0
street_2023.jpg,0
street_2024.jpg,0
street_2025.jpg,0
street_2026.jpg,0
street_2027.jpg,0
street_2028.jpg,0
street_2029.jpg,0
street_2030.jpg,0
street_2031.jpg,0
street_2032.jpg,0
street_2033.jpg,0
street_2034.jpg,0
street_2035.jpg,0
street_2036.jpg,0
street_2037.jpg,0
street_2038.jpg,0
street_2039.jpg,0
street_2040.jpg,0
street_2041.jpg,0
street_2042.jpg,0
street_2043.jpg,0
street_2044.jpg,0
street_2045.jpg,0
street_2046.jpg,0
street_2047.jpg,0
street_2048.jpg,0
street_2049.jpg,0
street_2050.jpg,0
street_2051.jpg,0
street_2052.jpg,0
street_2053.jpg,0
street_2054.jpg,0
street_2055.jpg,0
street_2056.jpg,0
street_2057.jpg,0
street_2058.jpg,0
street_2059.jpg,0
street_2060.jpg,0
street_2061.jpg,0
street_2062.jpg,0
street_2063.jpg,0
street_2064.jpg,0
street_2065.jpg,0
street_2066.jpg,0
street_2067.jpg,0
street_2068.jpg,0
street_2069.jpg,0
street_2070.jpg,0
street_2071.jpg,0
street_2072.jpg,0
street_2073.jpg,0
street_2074.jpg,0
street_2075.jpg,0
street_2076.jpg,0
street_2077.jpg,0
street_2078.jpg,0
street_2079.jpg,0
street_2080.jpg,0
street_2081.jpg,0
street_2082.jpg,0
street_2083.jpg,0
street_2084.jpg,0
street_2085.jpg,0
street_2086.jpg,0
street_2087.jpg,0
street_2088.jpg,0
street_2089.jpg,0
street_2090.jpg,0
street_2091.jpg,0
street_2092.jpg,0
street_2093.jpg,0
street_2094.jpg,0
street_2095.jpg,0
street_2096.jpg,0
street_2097.jpg,0
street_2098.jpg,0
street_2099.jpg,0
street_2100.jpg,0
street_2101.jpg,0
street_2102.jpg,0
street_2103.jpg,0
street_2104.jpg,0
street_2105.jpg,0
street_2106.jpg,0
street_2107.jpg,0
street_2108.jpg,0
street_2109.jpg,0
street_2110.jpg,0
street_2111.jpg,0
street_2112.jpg,0
street_2113.jpg,0
street_2114.jpg,0
street_2115.jpg,0
street_2116.jpg,0
street_2117.jpg,0
street_2118.jpg,0
street_2119.jpg,0
street_2120.jpg,0
street_2121.jpg,0
street_2122.jpg,0
street_2123.jpg,0
street_2124.jpg,0
street_2125.jpg,0
street_2126.jpg,0
street_2127.jpg,0
street_2128.jpg,0
street_2129.jpg,0
street_2130.jpg,0
street_2131.jpg,0
street_2132.jpg,0
street_2133.jpg,0
street_2134.jpg,0
street_2135.jpg,0
street_2136.jpg,0
street_2137.jpg,0
street_2138.jpg,0
street_2139.jpg,0
street_2140.jpg,0
street_2141.jpg,0
street_2142.jpg,0
street_2143.jpg,0
street_2144.jpg,0
street_2145.jpg,0
street_2146.jpg,0
street_2147.jpg,0
street_2148.jpg,0
street_2149.jpg,0
street_2150.jpg,0
street_2151.jpg,0
street_2152.jpg,0
street_2153.jpg,0
street_2154.jpg,0
street_2155.jpg,0
street_2156.jpg,0
street_2157.jpg,0
street_2158.jpg,0
street_2159.jpg,0
street_2160.jpg,0
street_2161.jpg,0
street_2162.jpg,0
street_2163.jpg,0
street_2164.jpg,0
street_2165.jpg,0
street_2166.jpg,0
street_2167.jpg,0
street_2168.jpg,0
street_2169.jpg,0
street_2170.jpg,0
street_2171.jpg,0
street_2172.jpg,0
street_2173.jpg,0
street_2174.jpg,0
street_2175.jpg,0
street_2176.jpg,0
street_2177.jpg,0
street_2178.jpg,0
street_2179.jpg,0
street_2180.jpg,0
street_2181.jpg,0
street_2182.jpg,0
street_2183.jpg,0
street_2184.jpg,0
street_2185.jpg,0
street_2186.jpg,0
street_2187.jpg,0
street_2188.jpg,0
street_2189.jpg,0
street_2190.jpg,0
street_2191.jpg,0
street_2192.jpg,0
street_2193.jpg,0
street_2194.jpg,0
street_2195.jpg,0
street_2196.jpg,0
street_2197.jpg,0
street_2198.jpg,0
street_2199.jpg,0
street_2200.jpg,0
street_2201.jpg,0
street_2202.jpg,0
street_2203.jpg,0
street_2204.jpg,0
street_2205.jpg,0
street_2206.jpg,0
street_2207.jpg,0
street_2208.jpg,0
street_2209.jpg,0
street_2210.jpg,0
street_2211.jpg,0
street_2212.jpg,0
street_2213.jpg,0
street_2214.jpg,0
street_2215.jpg,0
street_2216.jpg,0
street_2217.jpg,0
street_2218.jpg,0
street_2219.jpg,0
street_2220.jpg,0
street_2221.jpg,0
street_2222.jpg,0
street_2223.jpg,0
street_2224.jpg,0
street_2225.jpg,0
street_2226.jpg,0
street_2227.jpg,0
street_2228.jpg,0
street_2229.jpg,0
street_2230.jpg,0
street_2231.jpg,0
street_2232.jpg,0
street_2233.jpg,0
street_2234.jpg,0
street_2235.jpg,0
street_2236.jpg,0
street_2237.jpg,0
street_2238.jpg,0
street_2239.jpg,0
street_2240.jpg,0
street_2241.jpg,0
street_2242.jpg,0
street_2243.jpg,0
street_2244.jpg,0
street_2245.jpg,0
street_2246.jpg,0
street_2247.jpg,0
street_2248.jpg,0
street_2249.jpg,0
street_2250.jpg,0
street_2251.jpg,0
street_2252.jpg,0
street_2253.jpg,0
street_2254.jpg,0
street_2255.jpg,0
street_2256.jpg,0
street_2257.jpg,0
street_2258.jpg,0
street_2259.jpg,0
street_2260.jpg,0
street_2261.jpg,0
street_2262.jpg,0
street_2263.jpg,0
street_2264.jpg,0
street_2265.jpg,0
street_2266.jpg,0
street_2267.jpg,0
street_2268.jpg,0
street_2269.jpg,0
street_2270.jpg,0
street_2271.jpg,0
street_2272.jpg,0
street_2273.jpg,0
street_2274.jpg,0
street_2275.jpg,0
street_2276.jpg,0
street_2277.jpg,0
street_2278.jpg,0
street_2279.jpg,0
street_2280.jpg,0
street_2281.jpg,0
street_2282.jpg,0
street_2283.jpg,0
street_2284.jpg,0
street_2285.jpg,0
street_2286.jpg,0
street_2287.jpg,0
street_2288.jpg,0
street_2289.jpg,0
street_2290.jpg,0
street_2291.jpg,0
street_2292.jpg,0
street_2293.jpg,0
street_2294.jpg,0
street_2295.jpg,0
street_2296.jpg,0
street_2297.jpg,0
street_2298.jpg,0
street_2299.jpg,0
street_2300.jpg,0
street_2301.jpg,0
street_2302.jpg,0
street_2303.jpg,0
street_2304.jpg,0
street_2305.jpg,0
street_2306.jpg,0
street_2307.jpg,0
street_2308.jpg,0
street_2309.jpg,0
street_2310.jpg,0
street_2311.jpg,0
street_2312.jpg,0
street_2313.jpg,0
street_2314.jpg,0
street_2315.jpg,0
street_2316.jpg,0
street_2317.jpg,0
street_2318.jpg,0
street_2319.jpg,0
street_2320.jpg,0
street_2321.jpg,0
street_2322.jpg,0
street_2323.jpg,0
street_2324.jpg,0
street_2325.jpg,0
street_2326.jpg,0
street_2327.jpg,0
street_2328.jpg,0
street_2329.jpg,0
street_2330.jpg,0
street_2331.jpg,0
street_2332.jpg,0
street_2333.jpg,0
street_2334.jpg,0
street_2335.jpg,0
street_2336.jpg,0
street_2337.jpg,0
street_2338.jpg,0
street_2339.jpg,0
street_2340.jpg,0
street_2341.jpg,0
street_2342.jpg,0
street_2343.jpg,0
street_2344.jpg,0
street_2345.jpg,0
street_2346.jpg,0
street_2347.jpg,0
street_2348.jpg,0
street_2349.jpg,0
street_2350.jpg,0
street_2351.jpg,0
street_2352.jpg,0
street_2353.jpg,0
street_2354.jpg,0
street_2355.jpg,0
street_2356.jpg,0
street_2357.jpg,0
street_2358.jpg,0
street_2359.jpg,0
street_2360.jpg,0
street_2361.jpg,0
street_2362.jpg,0
street_2363.jpg,0
street_2364.jpg,0
street_2365.jpg,0
street_2366.jpg,0
street_2367.jpg,0
street_2368.jpg,0
street_2369.jpg,0
street_2370.jpg,0
street_2371.jpg,0
street_2372.jpg,0
street_2373.jpg,0
street_2374.jpg,0
street_2375.jpg,0
street_2376.jpg,0
street_2377.jpg,0
street_2378.jpg,0
street_2379.jpg,0
street_2380.jpg,0
street_2381.jpg,0
street_2382.jpg,0
street_2383.jpg,0
street_2384.jpg,0
street_2385.jpg,0
street_2386.jpg,0
street_2387.jpg,0
street_2388.jpg,0
street_2389.jpg,0
street_2390.jpg,0
street_2391.jpg,0
street_2392.jpg,0
street_2393.jpg,0
street_2394.jpg,0
street_2395.jpg,0
street_2396.jpg,0
street_2397.jpg,0
street_2398.jpg,0
street_2399.jpg,0
street_2400.jpg,0
street_2401.jpg,0
street_2402.jpg,0
street_2403.jpg,0
street_2404.jpg,0
street_2405.jpg,0
street_2406.jpg,0
street_2407.jpg,0
street_2408.jpg,0
street_2409.jpg,0
street_2410.jpg,0
street_2411.jpg,0
street_2412.jpg,0
street_2413.jpg,0
street_2414.jpg,0
street_2415.jpg,0
street_2416.jpg,0
street_2417.jpg,0
street_2418.jpg,0
street_2419.jpg,0
street_2420.jpg,0
street_2421.jpg,0
street_2422.jpg,0
street_2423.jpg,0
street_2424.jpg,0
street_2425.jpg,0
street_2426.jpg,0
street_2427.jpg,0
street_2428.jpg,0
street_2429.jpg,0
street_2430.jpg,0
street_2431.jpg,0
street_2432.jpg,0
street_2433.jpg,0
street_2434.jpg,0
street_2435.jpg,0
street_2436.jpg,0
street_2437.jpg,0
street_2438.jpg,0
street_2439.jpg,0
street_2440.jpg,0
street_2441.jpg,0
street_2442.jpg,0
street_2443.jpg,0
street_2444.jpg,0
street_2445.jpg,0
street_2446.jpg,0
street_2447.jpg,0
street_2448.jpg,0
street_2449.jpg,0
street_2450.jpg,0
street_2451.jpg,0
street_2452.jpg,0
street_2453.jpg,0
street_2454.jpg,0
street_2455.jpg,0
street_2456.jpg,0
street_2457.jpg,0
street_2458.jpg,0
street_2459.jpg,0
street_2460.jpg,0
street_2461.jpg,0
street_2462.jpg,0
street_2463.jpg,0
street_2464.jpg,0
street_2465.jpg,0
street_2466.jpg,0
street_2467.jpg,0
street_2468.jpg,0
street_2469.jpg,0
street_2470.jpg,0
street_2471.jpg,0
street_2472.jpg,0
street_2473.jpg,0
street_2474.jpg,0
street_2475.jpg,0
street_2476.jpg,0
street_2477.jpg,0
street_2478.jpg,0
street_2479.jpg,0
street_2480.jpg,0
street_2481.jpg,0
street_2482.jpg,0
street_2483.jpg,0
street_2484.jpg,0
street_2485.jpg,0
street_2486.jpg,0
street_2487.jpg,0
street_2488.jpg,0
street_2489.jpg,0
street_2490.jpg,0
street_2491.jpg,0
street_2492.jpg,0
street_2493.jpg,0
street_2494.jpg,0
street_2495.jpg,0
street_2496.jpg,0
street_2497.jpg,0
street_2498.jpg,0
street_2499.jpg,0
street_2500.jpg,0
street_2501.jpg,0
street_2502.jpg,0
street_2503.jpg,0
street_2504.jpg,0
street_2505.jpg,0
street_2506.jpg,0
street_2507.jpg,0
street_2508.jpg,0
street_2509.jpg,0
street_2510.jpg,0
street_2511.jpg,0
street_2512.jpg,0
street_2513.jpg,0
street_2514.jpg,0
street_2515.jpg,0
street_2516.jpg,0
street_2517.jpg,0
street_2518.jpg,0
street_2519.jpg,0
street_2520.jpg,0
street_2521.jpg,0
street_2522.jpg,0
street_2523.jpg,0
street_2524.jpg,0
street_2525.jpg,0
street_2526.jpg,0
street_2527.jpg,0
street_2528.jpg,0
street_2529.jpg,0
street_2530.jpg,0
street_2531.jpg,0
street_2532.jpg,0
street_2533.jpg,0
street_2534.jpg,0
street_2535.jpg,0
street_2536.jpg,0
street_2537.jpg,0
street_2538.jpg,0
street_2539.jpg,0
street_2540.jpg,0
street_2541.jpg,0
street_2542.jpg,0
street_2543.jpg,0
street_2544.jpg,0
street_2545.jpg,0
street_2546.jpg,0
street_2547.jpg,0
street_2548.jpg,0
street_2549.jpg,0
street_2550.jpg,0
street_2551.jpg,0
street_2552.jpg,0
street_2553.jpg,0
street_2554.jpg,0
street_2555.jpg,0
street_2556.jpg,0
street_2557.jpg,0
street_2558.jpg,0
street_2559.jpg,0
street_2560.jpg,0
street_2561.jpg,0
street_2562.jpg,0
street_2563.jpg,0
street_2564.jpg,0
street_2565.jpg,0
street_2566.jpg,0
street_2567.jpg,0
street_2568.jpg,0
street_2569.jpg,0
street_2570.jpg,0
street_2571.jpg,0
street_2572.jpg,0
street_2573.jpg,0
street_2574.jpg,0
street_2575.jpg,0
street_2576.jpg,0
street_2577.jpg,0
street_2578.jpg,0
street_2579.jpg,0
street_2580.jpg,0
street_2581.jpg,0
street_2582.jpg,0
street_2583.jpg,0
street_2584.jpg,0
street_2585.jpg,0
street_2586.jpg,0
street_2587.jpg,0
street_2588.jpg,0
street_2589.jpg,0
street_2590.jpg,0
street_2591.jpg,0
street_2592.jpg,0
street_2593.jpg,0
street_2594.jpg,0
street_2595.jpg,0
street_2596.jpg,0
street_2597.jpg,0
street_2598.jpg,0
street_2599.jpg,0
street_2600.jpg,0
street_2601.jpg,0
street_2602.jpg,0
street_2603.jpg,0
street_2604.jpg,0
street_2605.jpg,0
street_2606.jpg,0
street_2607.jpg,0
street_2608.jpg,0
street_2609.jpg,0
street_2610.jpg,0
street_2611.jpg,0
street_2612.jpg,0
street_2613.jpg,0
street_2614.jpg,0
street_2615.jpg,0
street_2616.jpg,0
street_2617.jpg,0
street_2618.jpg,0
street_2619.jpg,0
street_2620.jpg,0
street_2621.jpg,0
street_2622.jpg,0
street_2623.jpg,0
street_2624.jpg,0
street_2625.jpg,0
street_2626.jpg,0
street_2627.jpg,0
street_2628.jpg,0
street_2629.jpg,0
street_2630.jpg,0
street_2631.jpg,0
street_2632.jpg,0
street_2633.jpg,0
street_2634.jpg,0
street_2635.jpg,0
street_2636.jpg,0
street_2637.jpg,0
street_2638.jpg,0
street_2639.jpg,0
street_2640.jpg,0
street_2641.jpg,0
street_2642.jpg,0
street_2643.jpg,0
street_2644.jpg,0
street_2645.jpg,0
street_2646.jpg,0
street_2647.jpg,0
street_2648.jpg,0
street_2649.jpg,0
street_2650.jpg,0
street_2651.jpg,0
street_2652.jpg,0
street_2653.jpg,0
street_2654.jpg,0
street_2655.jpg,0
street_2656.jpg,0
street_2657.jpg,0
street_2658.jpg,0
street_2659.jpg,0
street_2660.jpg,0
street_2661.jpg,0
street_2662.jpg,0
street_2663.jpg,0
street_2664.jpg,0
street_2665.jpg,0
street_2666.jpg,0
street_2667.jpg,0
street_2668.jpg,0
street_2669.jpg,0
street_2670.jpg,0
street_2671.jpg,0
street_2672.jpg,0
street_2673.jpg,0
street_2674.jpg,0
street_2675.jpg,0
street_2676.jpg,0
street_2677.jpg,0
street_2678.jpg,0
street_2679.jpg,0
street_2680.jpg,0
street_2681.jpg,0
street_2682.jpg,0
street_2683.jpg,0
street_2684.jpg,0
street_2685.jpg,0
street_2686.jpg,0
street_2687.jpg,0
street_2688.jpg,0
street_2689.jpg,0
street_2690.jpg,0
street_2691.jpg,0
street_2692.jpg,0
street_2693.jpg,0
street_2694.jpg,0
street_2695.jpg,0
street_2696.jpg,0
street_2697.jpg,0
street_2698.jpg,0
street_2699.jpg,0
street_2700.jpg,0
street_2701.jpg,0
street_2702.jpg,0
street_2703.jpg,0
street_2704.jpg,0
street_2705.jpg,0
street_2706.jpg,0
street_2707.jpg,0
street_2708.jpg,0
street_2709.jpg,0
street_2710.jpg,0
street_2711.jpg,0
street_2712.jpg,0
street_2713.jpg,0
street_2714.jpg,0
street_2715.jpg,0
street_2716.jpg,0
street_2717.jpg,0
street_2718.jpg,0
street_2719.jpg,0
street_2720.jpg,0
street_2721.jpg,0
street_2722.jpg,0
street_2723.jpg,0
street_2724.jpg,0
street_2725.jpg,0
street_2726.jpg,0
street_2727.jpg,0
street_2728.jpg,0
street_2729.jpg,0
street_2730.jpg,0
street_2731.jpg,0
street_2732.jpg,0
street_2733.jpg,0
street_2734.jpg,0
street_2735.jpg,0
street_2736.jpg,0
street_2737.jpg,0
street_2738.jpg,0
street_2739.jpg,0
street_2740.jpg,0
street_2741.jpg,0
street_2742.jpg,0
street_2743.jpg,0
street_2744.jpg,0
street_2745.jpg,0
street_2746.jpg,0
street_2747.jpg,0
street_2748.jpg,0
street_2749.jpg,0
street_2750.jpg,0
street_2751.jpg,0
street_2752.jpg,0
street_2753.jpg,0
street_2754.jpg,0
street_2755.jpg,0
street_2756.jpg,0
street_2757.jpg,0
street_2758.jpg,0
street_2759.jpg,0
street_2760.jpg,0
street_2761.jpg,0
street_2762.jpg,0
street_2763.jpg,0
street_2764.jpg,0
street_2765.jpg,0
street_2766.jpg,0
street_2767.jpg,0
street_2768.jpg,0
street_2769.jpg,0
street_2770.jpg,0
street_2771.jpg,0
street_2772.jpg,0
street_2773.jpg,0
street_2774.jpg,0
street_2775.jpg,0
street_2776.jpg,0
street_2777.jpg,0
street_2778.jpg,0
street_2779.jpg,0
street_2780.jpg,0
street_2781.jpg,0
street_2782.jpg,0
street_2783.jpg,0
street_2784.jpg,0
street_2785.jpg,0
street_2786.jpg,0
street_2787.jpg,0
street_2788.jpg,0
street_2789.jpg,0
street_2790.jpg,0
street_2791.jpg,0
street_2792.jpg,0
street_2793.jpg,0
street_2794.jpg,0
street_2795.jpg,0
street_2796.jpg,0
street_2797.jpg,0
street_2798.jpg,0
street_2799.jpg,0
street_2800.jpg,0
street_2801.jpg,0
street_2802.jpg,0
street_2803.jpg,0
street_2804.jpg,0
street_2805.jpg,0
street_2806.jpg,0
street_2807.jpg,0
street_2808.jpg,0
street_2809.jpg,0
street_2810.jpg,0
street_2811.jpg,0
street_2812.jpg,0
street_2813.jpg,0
street_2814.jpg,0
street_2815.jpg,0
street_2816.jpg,0
street_2817.jpg,0
street_2818.jpg,0
street_2819.jpg,0
street_2820.jpg,0
street_2821.jpg,0
street_2822.jpg,0
street_2823.jpg,0
street_2824.jpg,0
street_2825.jpg,0
street_2826.jpg,0
street_2827.jpg,0
street_2828.jpg,0
street_2829.jpg,0
street_2830.jpg,0
street_2831.jpg,0
street_2832.jpg,0
street_2833.jpg,0
street_2834.jpg,0
street_2835.jpg,0
street_2836.jpg,0
street_2837.jpg,0
street_2838.jpg,0
street_2839.jpg,0
street_2840.jpg,0
street_2841.jpg,0
street_2842.jpg,0
street_2843.jpg,0
street_2844.jpg,0
street_2845.jpg,0
street_2846.jpg,0
street_2847.jpg,0
street_2848.jpg,0
street_2849.jpg,0
street_2850.jpg,0
street_2851.jpg,0
street_2852.jpg,0
street_2853.jpg,0
street_2854.jpg,0
street_2855.jpg,0
street_2856.jpg,0
street_2857.jpg,0
street_2858.jpg,0
street_2859.jpg,0
street_2860.jpg,0
street_2861.jpg,0
street_2862.jpg,0
street_2863.jpg,0
street_2864.jpg,0
street_2865.jpg,0
street_2866.jpg,0
street_2867.jpg,0
street_2868.jpg,0
street_2869.jpg,0
street_2870.jpg,0
street_2871.jpg,0
street_2872.jpg,0
street_2873.jpg,0
street_2874.jpg,0
street_2875.jpg,0
street_2876.jpg,0
street_2877.jpg,0
street_2878.jpg,0
street_2879.jpg,0
street_2880.jpg,0
street_2881.jpg,0
street_2882.jpg,0
street_2883.jpg,0
street_2884.jpg,0
street_2885.jpg,0
street_2886.jpg,0
street_2887.jpg,0
street_2888.jpg,0
street_2889.jpg,0
street_2890.jpg,0
street_2891.jpg,0
street_2892.jpg,0
street_2893.jpg,0
street_2894.jpg,0
street_2895.jpg,0
street_2896.jpg,0
street_2897.jpg,0
street_2898.jpg,0
street_2899.jpg,0
street_2900.jpg,0
street_2901.jpg,0
street_2902.jpg,0
street_2903.jpg,0
street_2904.jpg,0
street_2905.jpg,0
street_2906.jpg,0
street_2907.jpg,0
street_2908.jpg,0
street_2909.jpg,0
street_2910.jpg,0
street_2911.jpg,0
street_2912.jpg,0
street_2913.jpg,0
street_2914.jpg,0
street_2915.jpg,0
street_2916.jpg,0
street_2917.jpg,0
street_2918.jpg,0
street_2919.jpg,0
street_2920.jpg,0
street_2921.jpg,0
street_2922.jpg,0
street_2923.jpg,0
street_2924.jpg,0
street_2925.jpg,0
street_2926.jpg,0
street_2927.jpg,0
street_2928.jpg,0
street_2929.jpg,0
street_2930.jpg,0
street_2931.jpg,0
street_2932.jpg,0
street_2933.jpg,0
street_2934.jpg,0
street_2935.jpg,0
street_2936.jpg,0
street_2937.jpg,0
street_2938.jpg,0
street_2939.jpg,0
street_2940.jpg,0
street_2941.jpg,0
street_2942.jpg,0
street_2943.jpg,0
street_2944.jpg,0
street_2945.jpg,0
street_2946.jpg,0
street_2947.jpg,0
street_2948.jpg,0
street_2949.jpg,0
street_2950.jpg,0
street_2951.jpg,0
street_2952.jpg,0
street_2953.jpg,0
street_2954.jpg,0
street_2955.jpg,0
street_2956.jpg,0
street_2957.jpg,0
street_2958.jpg,0
street_2959.jpg,0
street_2960.jpg,0
street_2961.jpg,0
street_2962.jpg,0
street_2963.jpg,0
street_2964.jpg,0
street_2965.jpg,0
street_2966.jpg,0
street_2967.jpg,0
street_2968.jpg,0
street_2969.jpg,0
street_2970.jpg,0
street_2971.jpg,0
street_2972.jpg,0
street_2973.jpg,0
street_2974.jpg,0
street_2975.jpg,0
street_2976.jpg,0
street_2977.jpg,0
street_2978.jpg,0
street_2979.jpg,0
street_2980.jpg,0
street_2981.jpg,0
street_2982.jpg,0
street_2983.jpg,0
street_2984.jpg,0
street_2985.jpg,0
street_2986.jpg,0
street_2987.jpg,0
street_2988.jpg,0
street_2989.jpg,0
street_2990.jpg,0
street_2991.jpg,0
street_2992.jpg,0
street_2993.jpg,0
street_2994.jpg,0
street_2995.jpg,0
street_2996.jpg,0
street_2997.jpg,0
street_2998.jpg,0
street_2999.jpg,0
street_3000.jpg,0
street_3001.jpg,0
street_3002.jpg,0
street_3003.jpg,0
street_3004.jpg,0
street_3005.jpg,0
street_3006.jpg,0
street_3007.jpg,0
street_3008.jpg,0
street_3009.jpg,0
street_3010.jpg,0
street_3011.jpg,0
street_3012.jpg,0
street_3013.jpg,0
street_3014.jpg,0
street_3015.jpg,0
street_3016.jpg,0
street_3017.jpg,0
street_3018.jpg,0
street_3019.jpg,0
street_3020.jpg,0
street_3021.jpg,0
street_3022.jpg,0
street_3023.jpg,0
street_3024.jpg,0
street_3025.jpg,0
street_3026.jpg,0
street_3027.jpg,0
street_3028.jpg,0
street_3029.jpg,0
street_3030.jpg,0
street_3031.jpg,0
street_3032.jpg,0
street_3033.jpg,0
street_3034.jpg,0
street_3035.jpg,0
street_3036.jpg,0
street_3037.jpg,0
street_3038.jpg,0
street_3039.jpg,0
street_3040.jpg,0
street_3041.jpg,0
street_3042.jpg,0
street_3043.jpg,0
street_3044.jpg,0
street_3045.jpg,0
street_3046.jpg,0
street_3047.jpg,0
street_3048.jpg,0
street_3049.jpg,0
street_3050.jpg,0
street_3051.jpg,0
street_3052.jpg,0
street_3053.jpg,0
street_3054.jpg,0
street_3055.jpg,0
street_3056.jpg,0
street_3057.jpg,0
street_3058.jpg,0
street_3059.jpg,0
street_3060.jpg,0
street_3061.jpg,0
street_3062.jpg,0
street_3063.jpg,0
street_3064.jpg,0
street_3065.jpg,0
street_3066.jpg,0
street_3067.jpg,0
street_3068.jpg,0
street_3069.jpg,0
street_3070.jpg,0
street_3071.jpg,0
street_3072.jpg,0
street_3073.jpg,0
street_3074.jpg,0
street_3075.jpg,0
street_3076.jpg,0
street_3077.jpg,0
street_3078.jpg,0
street_3079.jpg,0
street_3080.jpg,0
street_3081.jpg,0
street_3082.jpg,0
street_3083.jpg,0
street_3084.jpg,0
street_3085.jpg,0
street_3086.jpg,0
street_3087.jpg,0
street_3088.jpg,0
street_3089.jpg,0
street_3090.jpg,0
street_3091.jpg,0
street_3092.jpg,0
street_3093.jpg,0
street_3094.jpg,0
street_3095.jpg,0
street_3096.jpg,0
street_3097.jpg,0
street_3098.jpg,0
street_3099.jpg,0
street_3100.jpg,0
street_3101.jpg,0
street_3102.jpg,0
street_3103.jpg,0
street_3104.jpg,0
street_3105.jpg,0
street_3106.jpg,0
street_3107.jpg,0
street_3108.jpg,0
street_3109.jpg,0
street_3110.jpg,0
street_3111.jpg,0
street_3112.jpg,0
street_3113.jpg,0
street_3114.jpg,0
street_3115.jpg,0
street_3116.jpg,0
street_3117.jpg,0
street_3118.jpg,0
street_3119.jpg,0
street_3120.jpg,0
street_3121.jpg,0
street_3122.jpg,0
street_3123.jpg,0
street_3124.jpg,0
street_3125.jpg,0
street_3126.jpg,0
street_3127.jpg,0
street_3128.jpg,0
street_3129.jpg,0
street_3130.jpg,0
street_3131.jpg,0
street_3132.jpg,0
street_3133.jpg,0
street_3134.jpg,0
street_3135.jpg,0
street_3136.jpg,0
street_3137.jpg,0
street_3138.jpg,0
street_3139.jpg,0
street_3140.jpg,0
street_3141.jpg,0
street_3142.jpg,0
street_3143.jpg,0
street_3144.jpg,0
street_3145.jpg,0
street_3146.jpg,0
street_3147.jpg,0
street_3148.jpg,0
street_3149.jpg,0
street_3150.jpg,0
street_3151.jpg,0
street_3152.jpg,0
street_3153.jpg,0
street_3154.jpg,0
street_3155.jpg,0
street_3156.jpg,0
street_3157.jpg,0
street_3158.jpg,0
street_3159.jpg,0
street_3160.jpg,0
street_3161.jpg,0
street_3162.jpg,0
street_3163.jpg,0
street_3164.jpg,0
street_3165.jpg,0
street_3166.jpg,0
street_3167.jpg,0
street_3168.jpg,0
street_3169.jpg,0
street_3170.jpg,0
street_3171.jpg,0
street_3172.jpg,0
street_3173.jpg,0
street_3174.jpg,0
street_3175.jpg,0
street_3176.jpg,0
street_3177.jpg,0
street_3178.jpg,0
street_3179.jpg,0
street_3180.jpg,0
street_3181.jpg,0
street_3182.jpg,0
street_3183.jpg,0
street_3184.jpg,0
street_3185.jpg,0
street_3186.jpg,0
street_3187.jpg,0
street_3188.jpg,0
street_3189.jpg,0
street_3190.jpg,0
street_3191.jpg,0
street_3192.jpg,0
street_3193.jpg,0
street_3194.jpg,0
street_3195.jpg,0
street_3196.jpg,0
street_3197.jpg,0
street_3198.jpg,0
street_3199.jpg,0
street_3200.jpg,0
street_3201.jpg,0
street_3202.jpg,0
street_3203.jpg,0
street_3204.jpg,0
street_3205.jpg,0
street_3206.jpg,0
street_3207.jpg,0
street_3208.jpg,0
street_3209.jpg,0
street_3210.jpg,0
street_3211.jpg,0
street_3212.jpg,0
street_3213.jpg,0
street_3214.jpg,0
street_3215.jpg,0
street_3216.jpg,0
street_3217.jpg,0
street_3218.jpg,0
street_3219.jpg,0
street_3220.jpg,0
street_3221.jpg,0
street_3222.jpg,0
street_3223.jpg,0
street_3224.jpg,0
street_3225.jpg,0
street_3226.jpg,0
street_3227.jpg,0
street_3228.jpg,0
street_3229.jpg,0
street_3230.jpg,0
street_3231.jpg,0
street_3232.jpg,0
street_3233.jpg,0
street_3234.jpg,0
street_3235.jpg,0
street_3236.jpg,0
street_3237.jpg,0
street_3238.jpg,0
street_3239.jpg,0
street_3240.jpg,0
street_3241.jpg,0
street_3242.jpg,0
street_3243.jpg,0
street_3244.jpg,0
street_3245.jpg,0
street_3246.jpg,0
street_3247.jpg,0
street_3248.jpg,0
street_3249.jpg,0
street_3250.jpg,0
street_3251.jpg,0
street_3252.jpg,0
street_3253.jpg,0
street_3254.jpg,0
street_3255.jpg,0
street_3256.jpg,0
street_3257.jpg,0
street_3258.jpg,0
street_3259.jpg,0
street_3260.jpg,0
street_3261.jpg,0
street_3262.jpg,0
street_3263.jpg,0
street_3264.jpg,0
street_3265.jpg,0
street_3266.jpg,0
street_3267.jpg,0
street_3268.jpg,0
street_3269.jpg,0
street_3270.jpg,0
street_3271.jpg,0
street_3272.jpg,0
street_3273.jpg,0
street_3274.jpg,0
street_3275.jpg,0
street_3276.jpg,0
street_3277.jpg,0
street_3278.jpg,0
street_3279.jpg,0
street_3280.jpg,0
street_3281.jpg,0
street_3282.jpg,0
street_3283.jpg,0
street_3284.jpg,0
street_3285.jpg,0
street_3286.jpg,0
street_3287.jpg,0
street_3288.jpg,0
street_3289.jpg,0
street_3290.jpg,0
street_3291.jpg,0
street_3292.jpg,0
street_3293.jpg,0
street_3294.jpg,0
street_3295.jpg,0
street_3296.jpg,0
street_3297.jpg,0
street_3298.jpg,0
street_3299.jpg,0
street_3300.jpg,0
street_3301.jpg,0
street_3302.jpg,0
street_3303.jpg,0
street_3304.jpg,0
street_3305.jpg,0
street_3306.jpg,0
street_3307.jpg,0
street_3308.jpg,0
street_3309.jpg,0
street_3310.jpg,0
street_3311.jpg,0
street_3312.jpg,0
street_3313.jpg,0
street_3314.jpg,0
street_3315.jpg,0
street_3316.jpg,0
street_3317.jpg,0
street_3318.jpg,0
street_3319.jpg,0
street_3320.jpg,0
street_3321.jpg,0
street_3322.jpg,0
street_3323.jpg,0
street_3324.jpg,0
street_3325.jpg,0
street_3326.jpg,0
street_3327.jpg,0
street_3328.jpg,0
street_3329.jpg,0
street_3330.jpg,0
street_3331.jpg,0
street_3332.jpg,0
street_3333.jpg,0
street_3334.jpg,0
street_3335.jpg,0
street_3336.jpg,0
street_3337.jpg,0
street_3338.jpg,0
street_3339.jpg,0
street_3340.jpg,0
street_3341.jpg,0
street_3342.jpg,0
street_3343.jpg,0
street_3344.jpg,0
street_3345.jpg,0
street_3346.jpg,0
street_3347.jpg,0
street_3348.jpg,0
street_3349.jpg,0
street_3350.jpg,0
street_3351.jpg,0
street_3352.jpg,0
street_3353.jpg,0
street_3354.jpg,0
street_3355.jpg,0
street_3356.jpg,0
street_3357.jpg,0
street_3358.jpg,0
street_3359.jpg,0
street_3360.jpg,0
street_3361.jpg,0
street_3362.jpg,0
street_3363.jpg,0
street_3364.jpg,0
street_3365.jpg,0
street_3366.jpg,0
street_3367.jpg,0
street_3368.jpg,0
street_3369.jpg,0
street_3370.jpg,0
street_3371.jpg,0
street_3372.jpg,0
street_3373.jpg,0
street_3374.jpg,0
street_3375.jpg,0
street_3376.jpg,0
street_3377.jpg,0
street_3378.jpg,0
street_3379.jpg,0
street_3380.jpg,0
street_3381.jpg,0
street_3382.jpg,0
street_3383.jpg,0
street_3384.jpg,0
street_3385.jpg,0
street_3386.jpg,0
street_3387.jpg,0
street_3388.jpg,0
street_3389.jpg,0
street_3390.jpg,0
street_3391.jpg,0
street_3392.jpg,0
street_3393.jpg,0
street_3394.jpg,0
street_3395.jpg,0
street_3396.jpg,0
street_3397.jpg,0
street_3398.jpg,0
street_3399.jpg,0
street_3400.jpg,0
street_3401.jpg,0
street_3402.jpg,0
street_3403.jpg,0
street_3404.jpg,0
street_3405.jpg,0
street_3406.jpg,0
street_3407.jpg,0
street_3408.jpg,0
street_3409.jpg,0
street_3410.jpg,0
street_3411.jpg,0
street_3412.jpg,0
street_3413.jpg,0
street_3414.jpg,0
street_3415.jpg,0
street_3416.jpg,0
street_3417.jpg,0
street_3418.jpg,0
street_3419.jpg,0
street_3420.jpg,0
street_3421.jpg,0
street_3422.jpg,0
street_3423.jpg,0
street_3424.jpg,0
street_3425.jpg,0
street_3426.jpg,0
street_3427.jpg,0
street_3428.jpg,0
street_3429.jpg,0
street_3430.jpg,0
street_3431.jpg,0
street_3432.jpg,0
street_3433.jpg,0
street_3434.jpg,0
street_3435.jpg,0
street_3436.jpg,0
street_3437.jpg,0
street_3438.jpg,0
street_3439.jpg,0
street_3440.jpg,0
street_3441.jpg,0
street_3442.jpg,0
street_3443.jpg,0
street_3444.jpg,0
street_3445.jpg,0
street_3446.jpg,0
street_3447.jpg,0
street_3448.jpg,0
street_3449.jpg,0
street_3450.jpg,0
street_3451.jpg,0
street_3452.jpg,0
street_3453.jpg,0
street_3454.jpg,0
street_3455.jpg,0
street_3456.jpg,0
street_3457.jpg,0
street_3458.jpg,0
street_3459.jpg,0
street_3460.jpg,0
street_3461.jpg,0
street_3462.jpg,0
street_3463.jpg,0
street_3464.jpg,0
street_3465.jpg,0
street_3466.jpg,0
street_3467.jpg,0
street_3468.jpg,0
street_3469.jpg,0
street_3470.jpg,0
street_3471.jpg,0
street_3472.jpg,0
street_3473.jpg,0
street_3474.jpg,0
street_3475.jpg,0
street_3476.jpg,0
street_3477.jpg,0
street_3478.jpg,0
street_3479.jpg,0
street_3480.jpg,0
street_3481.jpg,0
street_3482.jpg,0
street_3483.jpg,0
street_3484.jpg,0
street_3485.jpg,0
street_3486.jpg,0
street_3487.jpg,0
street_3488.jpg,0
street_3489.jpg,0
street_3490.jpg,0
street_3491.jpg,0
street_3492.jpg,0
street_3493.jpg,0
street_3494.jpg,0
street_3495.jpg,0
street_3496.jpg,0
street_3497.jpg,0
street_3498.jpg,0
street_3499.jpg,0
street_3500.jpg,0
street_3501.jpg,0
street_3502.jpg,0
street_3503.jpg,0
street_3504.jpg,0
street_3505.jpg,0
street_3506.jpg,0
street_3507.jpg,0
street_3508.jpg,0
street_3509.jpg,0
street_3510.jpg,0
street_3511.jpg,0
street_3512.jpg,0
street_3513.jpg,0
street_3514.jpg,0
street_3515.jpg,0
street_3516.jpg,0
street_3517.jpg,0
street_3518.jpg,0
street_3519.jpg,0
street_3520.jpg,0
street_3521.jpg,0
street_3522.jpg,0
street_3523.jpg,0
street_3524.jpg,0
street_3525.jpg,0
street_3526.jpg,0
street_3527.jpg,0
street_3528.jpg,0
street_3529.jpg,0
street_3530.jpg,0
street_3531.jpg,0
street_3532.jpg,0
street_3533.jpg,0
street_3534.jpg,0
street_3535.jpg,0
street_3536.jpg,0
street_3537.jpg,0
street_3538.jpg,0
street_3539.jpg,0
street_3540.jpg,0
street_3541.jpg,0
street_3542.jpg,0
street_3543.jpg,0
street_3544.jpg,0
street_3545.jpg,0
street_3546.jpg,0
street_3547.jpg,0
street_3548.jpg,0
street_3549.jpg,0
street_3550.jpg,0
street_3551.jpg,0
street_3552.jpg,0
street_3553.jpg,0
street_3554.jpg,0
street_3555.jpg,0
street_3556.jpg,0
street_3557.jpg,0
street_3558.jpg,0
street_3559.jpg,0
street_3560.jpg,0
street_3561.jpg,0
street_3562.jpg,0
street_3563.jpg,0
street_3564.jpg,0
street_3565.jpg,0
street_3566.jpg,0
street_3567.jpg,0
street_3568.jpg,0
street_3569.jpg,0
street_3570.jpg,0
street_3571.jpg,0
street_3572.jpg,0
street_3573.jpg,0
street_3574.jpg,0
street_3575.jpg,0
street_3576.jpg,0
street_3577.jpg,0
street_3578.jpg,0
street_3579.jpg,0
street_3580.jpg,0
street_3581.jpg,0
street_3582.jpg,0
street_3583.jpg,0
street_3584.jpg,0
street_3585.jpg,0
street_3586.jpg,0
street_3587.jpg,0
street_3588.jpg,0
street_3589.jpg,0
street_3590.jpg,0
street_3591.jpg,0
street_3592.jpg,0
street_3593.jpg,0
street_3594.jpg,0
street_3595.jpg,0
street_3596.jpg,0
street_3597.jpg,0
street_3598.jpg,0
street_3599.jpg,0
street_3600.jpg,0
street_3601.jpg,0
street_3602.jpg,0
street_3603.jpg,0
street_3604.jpg,0
street_3605.jpg,0
street_3606.jpg,0
street_3607.jpg,0
street_3608.jpg,0
street_3609.jpg,0
street_3610.jpg,0
street_3611.jpg,0
street_3612.jpg,0
street_3613.jpg,0
street_3614.jpg,0
street_3615.jpg,0
street_3616.jpg,0
street_3617.jpg,0
street_3618.jpg,0
street_3619.jpg,0
street_3620.jpg,0
street_3621.jpg,0
street_3622.jpg,0
street_3623.jpg,0
street_3624.jpg,0
street_3625.jpg,0
street_3626.jpg,0
street_3627.jpg,0
street_3628.jpg,0
street_3629.jpg,0
street_3630.jpg,0
street_3631.jpg,0
street_3632.jpg,0
street_3633.jpg,0
street_3634.jpg,0
street_3635.jpg,0
street_3636.jpg,0
street_3637.jpg,0
street_3638.jpg,0
street_3639.jpg,0
street_3640.jpg,0
street_3641.jpg,0
street_3642.jpg,0
street_3643.jpg,0
street_3644.jpg,0
street_3645.jpg,0
street_3646.jpg,0
street_3647.jpg,0
street_3648.jpg,0
street_3649.jpg,0
street_3650.jpg,0
street_3651.jpg,0
street_3652.jpg,0
street_3653.jpg,0
street_3654.jpg,0
street_3655.jpg,0
street_3656.jpg,0
street_3657.jpg,0
street_3658.jpg,0
street_3659.jpg,0
street_3660.jpg,0
street_3661.jpg,0
street_3662.jpg,0
street_3663.jpg,0
street_3664.jpg,0
street_3665.jpg,0
street_3666.jpg,0
street_3667.jpg,0
street_3668.jpg,0
street_3669.jpg,0
street_3670.jpg,0
street_3671.jpg,0
street_3672.jpg,0
street_3673.jpg,0
street_3674.jpg,0
street_3675.jpg,0
street_3676.jpg,0
street_3677.jpg,0
street_3678.jpg,0
street_3679.jpg,0
street_3680.jpg,0
street_3681.jpg,0
street_3682.jpg,0
street_3683.jpg,0
street_3684.jpg,0
street_3685.jpg,0
street_3686.jpg,0
street_3687.jpg,0
street_3688.jpg,0
street_3689.jpg,0
street_3690.jpg,0
street_3691.jpg,0
street_3692.jpg,0
street_3693.jpg,0
street_3694.jpg,0
street_3695.jpg,0
street_3696.jpg,0
street_3697.jpg,0
street_3698.jpg,0
street_3699.jpg,0
street_3700.jpg,0
street_3701.jpg,0
street_3702.jpg,0
street_3703.jpg,0
street_3704.jpg,0
street_3705.jpg,0
street_3706.jpg,0
street_3707.jpg,0
street_3708.jpg,0
street_3709.jpg,0
street_3710.jpg,0
street_3711.jpg,0
street_3712.jpg,0
street_3713.jpg,0
street_3714.jpg,0
street_3715.jpg,0
street_3716.jpg,0
street_3717.jpg,0
street_3718.jpg,0
street_3719.jpg,0
street_3720.jpg,0
street_3721.jpg,0
street_3722.jpg,0
street_3723.jpg,0
street_3724.jpg,0
street_3725.jpg,0
street_3726.jpg,0
street_3727.jpg,0
street_3728.jpg,0
street_3729.jpg,0
street_3730.jpg,0
street_3731.jpg,0
street_3732.jpg,0
street_3733.jpg,0
street_3734.jpg,0
street_3735.jpg,0
street_3736.jpg,0
street_3737.jpg,0
street_3738.jpg,0
street_3739.jpg,0
street_3740.jpg,0
street_3741.jpg,0
street_3742.jpg,0
street_3743.jpg,0
street_3744.jpg,0
street_3745.jpg,0
street_3746.jpg,0
street_3747.jpg,0
street_3748.jpg,0
street_3749.jpg,0
street_3750.jpg,0
street_3751.jpg,0
street_3752.jpg,0
street_3753.jpg,0
street_3754.jpg,0
street_3755.jpg,0
street_3756.jpg,0
street_3757.jpg,0
street_3758.jpg,0
street_3759.jpg,0
street_3760.jpg,0
street_3761.jpg,0
street_3762.jpg,0
street_3763.jpg,0
street_3764.jpg,0
street_3765.jpg,0
street_3766.jpg,0
street_3767.jpg,0
street_3768.jpg,0
street_3769.jpg,0
street_3770.jpg,0
street_3771.jpg,0
street_3772.jpg,0
street_3773.jpg,0
street_3774.jpg,0
street_3775.jpg,0
street_3776.jpg,0
street_3777.jpg,0
street_3778.jpg,0
street_3779.jpg,0
street_3780.jpg,0
street_3781.jpg,0
street_3782.jpg,0
street_3783.jpg,0
street_3784.jpg,0
street_3785.jpg,0
street_3786.jpg,0
street_3787.jpg,0
street_3788.jpg,0
street_3789.jpg,0
street_3790.jpg,0
street_3791.jpg,0
street_3792.jpg,0
street_3793.jpg,0
street_3794.jpg,0
street_3795.jpg,0
street_3796.jpg,0
street_3797.jpg,0
street_3798.jpg,0
street_3799.jpg,0
street_3800.jpg,0
street_3801.jpg,0
street_3802.jpg,0
street_3803.jpg,0
street_3804.jpg,0
street_3805.jpg,0
street_3806.jpg,0
street_3807.jpg,0
street_3808.jpg,0
street_3809.jpg,0
street_3810.jpg,0
street_3811.jpg,0
street_3812.jpg,0
street_3813.jpg,0
street_3814.jpg,0
street_3815.jpg,0
street_3816.jpg,0
street_3817.jpg,0
street_3818.jpg,0
street_3819.jpg,0
street_3820.jpg,0
street_3821.jpg,0
street_3822.jpg,0
street_3823.jpg,0
street_3824.jpg,0
street_3825.jpg,0
street_3826.jpg,0
street_3827.jpg,0
street_3828.jpg,0
street_3829.jpg,0
street_3830.jpg,0
street_3831.jpg,0
street_3832.jpg,0
street_3833.jpg,0
street_3834.jpg,0
street_3835.jpg,0
street_3836.jpg,0
street_3837.jpg,0
street_3838.jpg,0
street_3839.jpg,0
street_3840.jpg,0
street_3841.jpg,0
street_3842.jpg,0
street_3843.jpg,0
street_3844.jpg,0
street_3845.jpg,0
street_3846.jpg,0
street_3847.jpg,0
street_3848.jpg,0
street_3849.jpg,0
street_3850.jpg,0
street_3851.jpg,0
street_3852.jpg,0
street_3853.jpg,0
street_3854.jpg,0
street_3855.jpg,0
street_3856.jpg,0
street_3857.jpg,0
street_3858.jpg,0
street_3859.jpg,0
street_3860.jpg,0
street_3861.jpg,0
street_3862.jpg,0
street_3863.jpg,0
street_3864.jpg,0
street_3865.jpg,0
street_3866.jpg,0
street_3867.jpg,0
street_3868.jpg,0
street_3869.jpg,0
street_3870.jpg,0
street_3871.jpg,0
street_3872.jpg,0
street_3873.jpg,0
street_3874.jpg,0
street_3875.jpg,0
street_3876.jpg,0
street_3877.jpg,0
street_3878.jpg,0
street_3879.jpg,0
street_3880.jpg,0
street_3881.jpg,0
street_3882.jpg,0
street_3883.jpg,0
street_3884.jpg,0
street_3885.jpg,0
street_3886.jpg,0
street_3887.jpg,0
street_3888.jpg,0
street_3889.jpg,0
street_3890.jpg,0
street_3891.jpg,0
street_3892.jpg,0
street_3893.jpg,0
street_3894.jpg,0
street_3895.jpg,0
street_3896.jpg,0
street_3897.jpg,0
street_3898.jpg,0
street_3899.jpg,0
street_3900.jpg,0
street_3901.jpg,0
street_3902.jpg,0
street_3903.jpg,0
street_3904.jpg,0
street_3905.jpg,0
street_3906.jpg,0
street_3907.jpg,0
street_3908.jpg,0
street_3909.jpg,0
street_3910.jpg,0
street_3911.jpg,0
street_3912.jpg,0
street_3913.jpg,0
street_3914.jpg,0
street_3915.jpg,0
street_3916.jpg,0
street_3917.jpg,0
street_3918.jpg,0
street_3919.jpg,0
street_3920.jpg,0
street_3921.jpg,0
street_3922.jpg,0
street_3923.jpg,0
street_3924.jpg,0
street_3925.jpg,0
street_3926.jpg,0
street_3927.jpg,0
street_3928.jpg,0
street_3929.jpg,0
street_3930.jpg,0
street_3931.jpg,0
street_3932.jpg,0
street_3933.jpg,0
street_3934.jpg,0
street_3935.jpg,0
street_3936.jpg,0
street_3937.jpg,0
street_3938.jpg,0
street_3939.jpg,0
street_3940.jpg,0
street_3941.jpg,0
street_3942.jpg,0
street_3943.jpg,0
street_3944.jpg,0
street_3945.jpg,0
street_3946.jpg,0
street_3947.jpg,0
street_3948.jpg,0
street_3949.jpg,0
street_3950.jpg,0
street_3951.jpg,0
street_3952.jpg,0
street_3953.jpg,0
street_3954.jpg,0
street_3955.jpg,0
street_3956.jpg,0
street_3957.jpg,0
street_3958.jpg,0
street_3959.jpg,0
street_3960.jpg,0
street_3961.jpg,0
street_3962.jpg,0
street_3963.jpg,0
street_3964.jpg,0
street_3965.jpg,0
street_3966.jpg,0
street_3967.jpg,0
street_3968.jpg,0
street_3969.jpg,0
street_3970.jpg,0
street_3971.jpg,0
street_3972.jpg,0
street_3973.jpg,0
street_3974.jpg,0
street_3975.jpg,0
street_3976.jpg,0
street_3977.jpg,0
street_3978.jpg,0
street_3979.jpg,0
street_3980.jpg,0
street_3981.jpg,0
street_3982.jpg,0
street_3983.jpg,0
street_3984.jpg,0
street_3985.jpg,0
street_3986.jpg,0
street_3987.jpg,0
street_3988.jpg,0
street_3989.jpg,0
street_3990.jpg,0
street_3991.jpg,0
street_3992.jpg,0
street_3993.jpg,0
street_3994.jpg,0
street_3995.jpg,0
street_3996.jpg,0
street_3997.jpg,0
street_3998.jpg,0
street_3999.jpg,0
street_4000.jpg,0
street_4001.jpg,0
street_4002.jpg,0
street_4003.jpg,0
street_4004.jpg,0
street_4005.jpg,0
street_4006.jpg,0
street_4007.jpg,0
street_4008.jpg,0
street_4009.jpg,0
street_4010.jpg,0
street_4011.jpg,0
street_4012.jpg,0
street_4013.jpg,0
street_4014.jpg,0
street_4015.jpg,0
street_4016.jpg,0
street_4017.jpg,0
street_4018.jpg,0
street_4019.jpg,0
street_4020.jpg,0
street_4021.jpg,0
street_4022.jpg,0
street_4023.jpg,0
street_4024.jpg,0
street_4025.jpg,0
street_4026.jpg,0
street_4027.jpg,0
street_4028.jpg,0
street_4029.jpg,0
street_4030.jpg,0
street_4031.jpg,0
street_4032.jpg,0
street_4033.jpg,0
street_4034.jpg,0
street_4035.jpg,0
street_4036.jpg,0
street_4037.jpg,0
street_4038.jpg,0
street_4039.jpg,0
street_4040.jpg,0
street_4041.jpg,0
street_4042.jpg,0
street_4043.jpg,0
street_4044.jpg,0
street_4045.jpg,0
street_4046.jpg,0
street_4047.jpg,0
street_4048.jpg,0
street_4049.jpg,0
street_4050.jpg,0
street_4051.jpg,0
street_4052.jpg,0
street_4053.jpg,0
street_4054.jpg,0
street_4055.jpg,0
street_4056.jpg,0
street_4057.jpg,0
street_4058.jpg,0
street_4059.jpg,0
street_4060.jpg,0
street_4061.jpg,0
street_4062.jpg,0
street_4063.jpg,0
street_4064.jpg,0
street_4065.jpg,0
street_4066.jpg,0
street_4067.jpg,0
street_4068.jpg,0
street_4069.jpg,0
street_4070.jpg,0
street_4071.jpg,0
street_4072.jpg,0
street_4073.jpg,0
street_4074.jpg,0
street_4075.jpg,0
street_4076.jpg,0
street_4077.jpg,0
street_4078.jpg,0
street_4079.jpg,0
street_4080.jpg,0
street_4081.jpg,0
street_4082.jpg,0
street_4083.jpg,0
street_4084.jpg,0
street_4085.jpg,0
street_4086.jpg,0
street_4087.jpg,0
street_4088.jpg,0
street_4089.jpg,0
street_4090.jpg,0
street_4091.jpg,0
street_4092.jpg,0
street_4093.jpg,0
street_4094.jpg,0
street_4095.jpg,0
street_4096.jpg,0
street_4097.jpg,0
street_4098.jpg,0
street_4099.jpg,0
street_4100.jpg,0
street_4101.jpg,0
street_4102.jpg,0
street_4103.jpg,0
street_4104.jpg,0
street_4105.jpg,0
street_4106.jpg,0
street_4107.jpg,0
street_4108.jpg,0
street_4109.jpg,0
street_4110.jpg,0
street_4111.jpg,0
street_4112.jpg,0
street_4113.jpg,0
street_4114.jpg,0
street_4115.jpg,0
street_4116.jpg,0
street_4117.jpg,0
street_4118.jpg,0
street_4119.jpg,0
street_4120.jpg,0
street_4121.jpg,0
street_4122.jpg,0
street_4123.jpg,0
street_4124.jpg,0
street_4125.jpg,0
street_4126.jpg,0
street_4127.jpg,0
street_4128.jpg,0
street_4129.jpg,0
street_4130.jpg,0
street_4131.jpg,0
street_4132.jpg,0
street_4133.jpg,0
street_4134.jpg,0
street_4135.jpg,0
street_4136.jpg,0
street_4137.jpg,0
street_4138.jpg,0
street_4139.jpg,0
street_4140.jpg,0
street_4141.jpg,0
street_4142.jpg,0
street_4143.jpg,0
street_4144.jpg,0
street_4145.jpg,0
street_4146.jpg,0
street_4147.jpg,0
street_4148.jpg,0
street_4149.jpg,0
street_4150.jpg,0
street_4151.jpg,0
street_4152.jpg,0
street_4153.jpg,0
street_4154.jpg,0
street_4155.jpg,0
street_4156.jpg,0
street_4157.jpg,0
street_4158.jpg,0
street_4159.jpg,0
street_4160.jpg,0
street_4161.jpg,0
street_4162.jpg,0
street_4163.jpg,0
street_4164.jpg,0
street_4165.jpg,0
street_4166.jpg,0
street_4167.jpg,0
street_4168.jpg,0
street_4169.jpg,0
street_4170.jpg,0
street_4171.jpg,0
street_4172.jpg,0
street_4173.jpg,0
street_4174.jpg,0
street_4175.jpg,0
street_4176.jpg,0
street_4177.jpg,0
street_4178.jpg,0
street_4179.jpg,0
street_4180.jpg,0
street_4181.jpg,0
street_4182.jpg,0
street_4183.jpg,0
street_4184.jpg,0
street_4185.jpg,0
street_4186.jpg,0
street_4187.jpg,0
street_4188.jpg,0
street_4189.jpg,0
street_4190.jpg,0
street_4191.jpg,0
street_4192.jpg,0
street_4193.jpg,0
street_4194.jpg,0
street_4195.jpg,0
street_4196.jpg,0
street_4197.jpg,0
street_4198.jpg,0
street_4199.jpg,0
street_4200.jpg,0
street_4201.jpg,0
street_4202.jpg,0
street_4203.jpg,0
street_4204.jpg,0
street_4205.jpg,0
street_4206.jpg,0
street_4207.jpg,0
street_4208.jpg,0
street_4209.jpg,0
street_4210.jpg,0
street_4211.jpg,0
street_4212.jpg,0
street_4213.jpg,0
street_4214.jpg,0
street_4215.jpg,0
street_4216.jpg,0
street_4217.jpg,0
street_4218.jpg,0
street_4219.jpg,0
street_4220.jpg,0
street_4221.jpg,0
street_4222.jpg,0
street_4223.jpg,0
street_4224.jpg,0
street_4225.jpg,0
street_4226.jpg,0
street_4227.jpg,0
street_4228.jpg,0
street_4229.jpg,0
street_4230.jpg,0
street_4231.jpg,0
street_4232.jpg,0
street_4233.jpg,0
street_4234.jpg,0
street_4235.jpg,0
street_4236.jpg,0
street_4237.jpg,0
street_4238.jpg,0
street_4239.jpg,0
street_4240.jpg,0
street_4241.jpg,0
street_4242.jpg,0
street_4243.jpg,0
street_4244.jpg,0
street_4245.jpg,0
street_4246.jpg,0
street_4247.jpg,0
street_4248.jpg,0
street_4249.jpg,0
street_4250.jpg,0
street_4251.jpg,0
street_4252.jpg,0
street_4253.jpg,0
street_4254.jpg,0
street_4255.jpg,0
street_4256.jpg,0
street_4257.jpg,0
street_4258.jpg,0
street_4259.jpg,0
street_4260.jpg,0
street_4261.jpg,0
street_4262.jpg,0
street_4263.jpg,0
street_4264.jpg,0
street_4265.jpg,0
street_4266.jpg,0
street_4267.jpg,0
street_4268.jpg,0
street_4269.jpg,0
street_4270.jpg,0
street_4271.jpg,0
street_4272.jpg,0
street_4273.jpg,0
street_4274.jpg,0
street_4275.jpg,0
street_4276.jpg,0
street_4277.jpg,0
street_4278.jpg,0
street_4279.jpg,0
street_4280.jpg,0
street_4281.jpg,0
street_4282.jpg,0
street_4283.jpg,0
street_4284.jpg,0
street_4285.jpg,0
street_4286.jpg,0
street_4287.jpg,0
street_4288.jpg,0
street_4289.jpg,0
street_4290.jpg,0
street_4291.jpg,0
street_4292.jpg,0
street_4293.jpg,0
street_4294.jpg,0
street_4295.jpg,0
street_4296.jpg,0
street_4297.jpg,0
street_4298.jpg,0
street_4299.jpg,0
street_4300.jpg,0
street_4301.jpg,0
street_4302.jpg,0
street_4303.jpg,0
street_4304.jpg,0
street_4305.jpg,0
street_4306.jpg,0
street_4307.jpg,0
street_4308.jpg,0
street_4309.jpg,0
street_4310.jpg,0
street_4311.jpg,0
street_4312.jpg,0
street_4313.jpg,0
street_4314.jpg,0
street_4315.jpg,0
street_4316.jpg,0
street_4317.jpg,0
street_4318.jpg,0
street_4319.jpg,0
street_4320.jpg,0
street_4321.jpg,0
street_4322.jpg,0
street_4323.jpg,0
street_4324.jpg,0
street_4325.jpg,0
street_4326.jpg,0
street_4327.jpg,0
street_4328.jpg,0
street_4329.jpg,0
street_4330.jpg,0
street_4331.jpg,0
street_4332.jpg,0
street_4333.jpg,0
street_4334.jpg,0
street_4335.jpg,0
street_4336.jpg,0
street_4337.jpg,0
street_4338.jpg,0
street_4339.jpg,0
street_4340.jpg,0
street_4341.jpg,0
street_4342.jpg,0
street_4343.jpg,0
street_4344.jpg,0
pedestrian_1.jpg,1
pedestrian_2.jpg,1
pedestrian_3.jpg,1
pedestrian_4.jpg,1
pedestrian_5.jpg,1
pedestrian_6.jpg,1
pedestrian_7.jpg,1
pedestrian_8.jpg,1
pedestrian_9.jpg,1
pedestrian_10.jpg,1
pedestrian_11.jpg,1
pedestrian_12.jpg,1
pedestrian_13.jpg,1
pedestrian_14.jpg,1
pedestrian_15.jpg,1
pedestrian_16.jpg,1
pedestrian_17.jpg,1
pedestrian_18.jpg,1
pedestrian_19.jpg,1
pedestrian_20.jpg,1
pedestrian_21.jpg,1
pedestrian_22.jpg,1
pedestrian_23.jpg,1
pedestrian_24.jpg,1
pedestrian_25.jpg,1
pedestrian_26.jpg,1
pedestrian_27.jpg,1
pedestrian_28.jpg,1
pedestrian_29.jpg,1
pedestrian_30.jpg,1
pedestrian_31.jpg,1
pedestrian_32.jpg,1
pedestrian_33.jpg,1
pedestrian_34.jpg,1
pedestrian_35.jpg,1
pedestrian_36.jpg,1
pedestrian_37.jpg,1
pedestrian_38.jpg,1
pedestrian_39.jpg,1
pedestrian_40.jpg,1
pedestrian_41.jpg,1
pedestrian_42.jpg,1
pedestrian_43.jpg,1
pedestrian_44.jpg,1
pedestrian_45.jpg,1
pedestrian_46.jpg,1
pedestrian_47.jpg,1
pedestrian_48.jpg,1
pedestrian_49.jpg,1
pedestrian_50.jpg,1
pedestrian_51.jpg,1
pedestrian_52.jpg,1
pedestrian_53.jpg,1
pedestrian_54.jpg,1
pedestrian_55.jpg,1
pedestrian_56.jpg,1
pedestrian_57.jpg,1
pedestrian_58.jpg,1
pedestrian_59.jpg,1
pedestrian_60.jpg,1
pedestrian_61.jpg,1
pedestrian_62.jpg,1
pedestrian_63.jpg,1
pedestrian_64.jpg,1
pedestrian_65.jpg,1
pedestrian_66.jpg,1
pedestrian_67.jpg,1
pedestrian_68.jpg,1
pedestrian_69.jpg,1
pedestrian_70.jpg,1
pedestrian_71.jpg,1
pedestrian_72.jpg,1
pedestrian_73.jpg,1
pedestrian_74.jpg,1
pedestrian_75.jpg,1
pedestrian_76.jpg,1
pedestrian_77.jpg,1
pedestrian_78.jpg,1
pedestrian_79.jpg,1
pedestrian_80.jpg,1
pedestrian_81.jpg,1
pedestrian_82.jpg,1
pedestrian_83.jpg,1
pedestrian_84.jpg,1
pedestrian_85.jpg,1
pedestrian_86.jpg,1
pedestrian_87.jpg,1
pedestrian_88.jpg,1
pedestrian_89.jpg,1
pedestrian_90.jpg,1
pedestrian_91.jpg,1
pedestrian_92.jpg,1
pedestrian_93.jpg,1
pedestrian_94.jpg,1
pedestrian_95.jpg,1
pedestrian_96.jpg,1
pedestrian_97.jpg,1
pedestrian_98.jpg,1
pedestrian_99.jpg,1
pedestrian_100.jpg,1
pedestrian_101.jpg,1
pedestrian_102.jpg,1
pedestrian_103.jpg,1
pedestrian_104.jpg,1
pedestrian_105.jpg,1
pedestrian_106.jpg,1
pedestrian_107.jpg,1
pedestrian_108.jpg,1
pedestrian_109.jpg,1
pedestrian_110.jpg,1
pedestrian_111.jpg,1
pedestrian_112.jpg,1
pedestrian_113.jpg,1
pedestrian_114.jpg,1
pedestrian_115.jpg,1
pedestrian_116.jpg,1
pedestrian_117.jpg,1
pedestrian_118.jpg,1
pedestrian_119.jpg,1
pedestrian_120.jpg,1
pedestrian_121.jpg,1
pedestrian_122.jpg,1
pedestrian_123.jpg,1
pedestrian_124.jpg,1
pedestrian_125.jpg,1
pedestrian_126.jpg,1
pedestrian_127.jpg,1
pedestrian_128.jpg,1
pedestrian_129.jpg,1
pedestrian_130.jpg,1
pedestrian_131.jpg,1
pedestrian_132.jpg,1
pedestrian_133.jpg,1
pedestrian_134.jpg,1
pedestrian_135.jpg,1
pedestrian_136.jpg,1
pedestrian_137.jpg,1
pedestrian_138.jpg,1
pedestrian_139.jpg,1
pedestrian_140.jpg,1
pedestrian_141.jpg,1
pedestrian_142.jpg,1
pedestrian_143.jpg,1
pedestrian_144.jpg,1
pedestrian_145.jpg,1
pedestrian_146.jpg,1
pedestrian_147.jpg,1
pedestrian_148.jpg,1
pedestrian_149.jpg,1
pedestrian_150.jpg,1
pedestrian_151.jpg,1
pedestrian_152.jpg,1
pedestrian_153.jpg,1
pedestrian_154.jpg,1
pedestrian_155.jpg,1
pedestrian_156.jpg,1
pedestrian_157.jpg,1
pedestrian_158.jpg,1
pedestrian_159.jpg,1
pedestrian_160.jpg,1
pedestrian_161.jpg,1
pedestrian_162.jpg,1
pedestrian_163.jpg,1
pedestrian_164.jpg,1
pedestrian_165.jpg,1
pedestrian_166.jpg,1
pedestrian_167.jpg,1
pedestrian_168.jpg,1
pedestrian_169.jpg,1
pedestrian_170.jpg,1
pedestrian_171.jpg,1
pedestrian_172.jpg,1
pedestrian_173.jpg,1
pedestrian_174.jpg,1
pedestrian_175.jpg,1
pedestrian_176.jpg,1
pedestrian_177.jpg,1
pedestrian_178.jpg,1
pedestrian_179.jpg,1
pedestrian_180.jpg,1
pedestrian_181.jpg,1
pedestrian_182.jpg,1
pedestrian_183.jpg,1
pedestrian_184.jpg,1
pedestrian_185.jpg,1
pedestrian_186.jpg,1
pedestrian_187.jpg,1
pedestrian_188.jpg,1
pedestrian_189.jpg,1
pedestrian_190.jpg,1
pedestrian_191.jpg,1
pedestrian_192.jpg,1
pedestrian_193.jpg,1
pedestrian_194.jpg,1
pedestrian_195.jpg,1
pedestrian_196.jpg,1
pedestrian_197.jpg,1
pedestrian_198.jpg,1
pedestrian_199.jpg,1
pedestrian_200.jpg,1
pedestrian_201.jpg,1
pedestrian_202.jpg,1
pedestrian_203.jpg,1
pedestrian_204.jpg,1
pedestrian_205.jpg,1
pedestrian_206.jpg,1
pedestrian_207.jpg,1
pedestrian_208.jpg,1
pedestrian_209.jpg,1
pedestrian_210.jpg,1
pedestrian_211.jpg,1
pedestrian_212.jpg,1
pedestrian_213.jpg,1
pedestrian_214.jpg,1
pedestrian_215.jpg,1
pedestrian_216.jpg,1
pedestrian_217.jpg,1
pedestrian_218.jpg,1
pedestrian_219.jpg,1
pedestrian_220.jpg,1
pedestrian_221.jpg,1
pedestrian_222.jpg,1
pedestrian_223.jpg,1
pedestrian_224.jpg,1
pedestrian_225.jpg,1
pedestrian_226.jpg,1
pedestrian_227.jpg,1
pedestrian_228.jpg,1
pedestrian_229.jpg,1
pedestrian_230.jpg,1
pedestrian_231.jpg,1
pedestrian_232.jpg,1
pedestrian_233.jpg,1
pedestrian_234.jpg,1
pedestrian_235.jpg,1
pedestrian_236.jpg,1
pedestrian_237.jpg,1
pedestrian_238.jpg,1
pedestrian_239.jpg,1
pedestrian_240.jpg,1
pedestrian_241.jpg,1
pedestrian_242.jpg,1
pedestrian_243.jpg,1
pedestrian_244.jpg,1
pedestrian_245.jpg,1
pedestrian_246.jpg,1
pedestrian_247.jpg,1
pedestrian_248.jpg,1
pedestrian_249.jpg,1
pedestrian_250.jpg,1
pedestrian_251.jpg,1
pedestrian_252.jpg,1
pedestrian_253.jpg,1
pedestrian_254.jpg,1
pedestrian_255.jpg,1
pedestrian_256.jpg,1
pedestrian_257.jpg,1
pedestrian_258.jpg,1
pedestrian_259.jpg,1
pedestrian_260.jpg,1
pedestrian_261.jpg,1
pedestrian_262.jpg,1
pedestrian_263.jpg,1
pedestrian_264.jpg,1
pedestrian_265.jpg,1
pedestrian_266.jpg,1
pedestrian_267.jpg,1
pedestrian_268.jpg,1
pedestrian_269.jpg,1
pedestrian_270.jpg,1
pedestrian_271.jpg,1
pedestrian_272.jpg,1
pedestrian_273.jpg,1
pedestrian_274.jpg,1
pedestrian_275.jpg,1
pedestrian_276.jpg,1
pedestrian_277.jpg,1
pedestrian_278.jpg,1
pedestrian_279.jpg,1
pedestrian_280.jpg,1
pedestrian_281.jpg,1
pedestrian_282.jpg,1
pedestrian_283.jpg,1
pedestrian_284.jpg,1
pedestrian_285.jpg,1
pedestrian_286.jpg,1
pedestrian_287.jpg,1
pedestrian_288.jpg,1
pedestrian_289.jpg,1
pedestrian_290.jpg,1
pedestrian_291.jpg,1
pedestrian_292.jpg,1
pedestrian_293.jpg,1
pedestrian_294.jpg,1
pedestrian_295.jpg,1
pedestrian_296.jpg,1
pedestrian_297.jpg,1
pedestrian_298.jpg,1
pedestrian_299.jpg,1
pedestrian_300.jpg,1
pedestrian_301.jpg,1
pedestrian_302.jpg,1
pedestrian_303.jpg,1
pedestrian_304.jpg,1
pedestrian_305.jpg,1
pedestrian_306.jpg,1
pedestrian_307.jpg,1
pedestrian_308.jpg,1
pedestrian_309.jpg,1
pedestrian_310.jpg,1
pedestrian_311.jpg,1
pedestrian_312.jpg,1
pedestrian_313.jpg,1
pedestrian_314.jpg,1
pedestrian_315.jpg,1
pedestrian_316.jpg,1
pedestrian_317.jpg,1
pedestrian_318.jpg,1
pedestrian_319.jpg,1
pedestrian_320.jpg,1
pedestrian_321.jpg,1
pedestrian_322.jpg,1
pedestrian_323.jpg,1
pedestrian_324.jpg,1
pedestrian_325.jpg,1
pedestrian_326.jpg,1
pedestrian_327.jpg,1
pedestrian_328.jpg,1
pedestrian_329.jpg,1
pedestrian_330.jpg,1
pedestrian_331.jpg,1
pedestrian_332.jpg,1
pedestrian_333.jpg,1
pedestrian_334.jpg,1
pedestrian_335.jpg,1
pedestrian_336.jpg,1
pedestrian_337.jpg,1
pedestrian_338.jpg,1
pedestrian_339.jpg,1
pedestrian_340.jpg,1
pedestrian_341.jpg,1
pedestrian_342.jpg,1
pedestrian_343.jpg,1
pedestrian_344.jpg,1
pedestrian_345.jpg,1
pedestrian_346.jpg,1
pedestrian_347.jpg,1
pedestrian_348.jpg,1
pedestrian_349.jpg,1
pedestrian_350.jpg,1
pedestrian_351.jpg,1
pedestrian_352.jpg,1
pedestrian_353.jpg,1
pedestrian_354.jpg,1
pedestrian_355.jpg,1
pedestrian_356.jpg,1
pedestrian_357.jpg,1
pedestrian_358.jpg,1
pedestrian_359.jpg,1
pedestrian_360.jpg,1
pedestrian_361.jpg,1
pedestrian_362.jpg,1
pedestrian_363.jpg,1
pedestrian_364.jpg,1
pedestrian_365.jpg,1
pedestrian_366.jpg,1
pedestrian_367.jpg,1
pedestrian_368.jpg,1
pedestrian_369.jpg,1
pedestrian_370.jpg,1
pedestrian_371.jpg,1
pedestrian_372.jpg,1
pedestrian_373.jpg,1
pedestrian_374.jpg,1
pedestrian_375.jpg,1
pedestrian_376.jpg,1
pedestrian_377.jpg,1
pedestrian_378.jpg,1
pedestrian_379.jpg,1
pedestrian_380.jpg,1
pedestrian_381.jpg,1
pedestrian_382.jpg,1
pedestrian_383.jpg,1
pedestrian_384.jpg,1
pedestrian_385.jpg,1
pedestrian_386.jpg,1
pedestrian_387.jpg,1
pedestrian_388.jpg,1
pedestrian_389.jpg,1
pedestrian_390.jpg,1
pedestrian_391.jpg,1
pedestrian_392.jpg,1
pedestrian_393.jpg,1
pedestrian_394.jpg,1
pedestrian_395.jpg,1
pedestrian_396.jpg,1
pedestrian_397.jpg,1
pedestrian_398.jpg,1
pedestrian_399.jpg,1
pedestrian_400.jpg,1
pedestrian_401.jpg,1
pedestrian_402.jpg,1
pedestrian_403.jpg,1
pedestrian_404.jpg,1
pedestrian_405.jpg,1
pedestrian_406.jpg,1
pedestrian_407.jpg,1
pedestrian_408.jpg,1
pedestrian_409.jpg,1
pedestrian_410.jpg,1
pedestrian_411.jpg,1
pedestrian_412.jpg,1
pedestrian_413.jpg,1
pedestrian_414.jpg,1
pedestrian_415.jpg,1
pedestrian_416.jpg,1
pedestrian_417.jpg,1
pedestrian_418.jpg,1
pedestrian_419.jpg,1
pedestrian_420.jpg,1
pedestrian_421.jpg,1
pedestrian_422.jpg,1
pedestrian_423.jpg,1
pedestrian_424.jpg,1
pedestrian_425.jpg,1
pedestrian_426.jpg,1
pedestrian_427.jpg,1
pedestrian_428.jpg,1
pedestrian_429.jpg,1
pedestrian_430.jpg,1
pedestrian_431.jpg,1
pedestrian_432.jpg,1
pedestrian_433.jpg,1
pedestrian_434.jpg,1
pedestrian_435.jpg,1
pedestrian_436.jpg,1
pedestrian_437.jpg,1
pedestrian_438.jpg,1
pedestrian_439.jpg,1
pedestrian_440.jpg,1
pedestrian_441.jpg,1
pedestrian_442.jpg,1
pedestrian_443.jpg,1
pedestrian_444.jpg,1
pedestrian_445.jpg,1
pedestrian_446.jpg,1
pedestrian_447.jpg,1
pedestrian_448.jpg,1
pedestrian_449.jpg,1
pedestrian_450.jpg,1
pedestrian_451.jpg,1
pedestrian_452.jpg,1
pedestrian_453.jpg,1
pedestrian_454.jpg,1
pedestrian_455.jpg,1
pedestrian_456.jpg,1
pedestrian_457.jpg,1
pedestrian_458.jpg,1
pedestrian_459.jpg,1
pedestrian_460.jpg,1
pedestrian_461.jpg,1
pedestrian_462.jpg,1
pedestrian_463.jpg,1
pedestrian_464.jpg,1
pedestrian_465.jpg,1
pedestrian_466.jpg,1
pedestrian_467.jpg,1
pedestrian_468.jpg,1
pedestrian_469.jpg,1
pedestrian_470.jpg,1
pedestrian_471.jpg,1
pedestrian_472.jpg,1
pedestrian_473.jpg,1
pedestrian_474.jpg,1
pedestrian_475.jpg,1
pedestrian_476.jpg,1
pedestrian_477.jpg,1
pedestrian_478.jpg,1
pedestrian_479.jpg,1
pedestrian_480.jpg,1
pedestrian_481.jpg,1
pedestrian_482.jpg,1
pedestrian_483.jpg,1
pedestrian_484.jpg,1
pedestrian_485.jpg,1
pedestrian_486.jpg,1
pedestrian_487.jpg,1
pedestrian_488.jpg,1
pedestrian_489.jpg,1
pedestrian_490.jpg,1
pedestrian_491.jpg,1
pedestrian_492.jpg,1
pedestrian_493.jpg,1
pedestrian_494.jpg,1
pedestrian_495.jpg,1
pedestrian_496.jpg,1
pedestrian_497.jpg,1
pedestrian_498.jpg,1
pedestrian_499.jpg,1
pedestrian_500.jpg,1
pedestrian_501.jpg,1
pedestrian_502.jpg,1
pedestrian_503.jpg,1
pedestrian_504.jpg,1
pedestrian_505.jpg,1
pedestrian_506.jpg,1
pedestrian_507.jpg,1
pedestrian_508.jpg,1
pedestrian_509.jpg,1
pedestrian_510.jpg,1
pedestrian_511.jpg,1
pedestrian_512.jpg,1
pedestrian_513.jpg,1
pedestrian_514.jpg,1
pedestrian_515.jpg,1
pedestrian_516.jpg,1
pedestrian_517.jpg,1
pedestrian_518.jpg,1
pedestrian_519.jpg,1
pedestrian_520.jpg,1
pedestrian_521.jpg,1
pedestrian_522.jpg,1
pedestrian_523.jpg,1
pedestrian_524.jpg,1
pedestrian_525.jpg,1
pedestrian_526.jpg,1
pedestrian_527.jpg,1
pedestrian_528.jpg,1
pedestrian_529.jpg,1
pedestrian_530.jpg,1
pedestrian_531.jpg,1
pedestrian_532.jpg,1
pedestrian_533.jpg,1
pedestrian_534.jpg,1
pedestrian_535.jpg,1
pedestrian_536.jpg,1
pedestrian_537.jpg,1
pedestrian_538.jpg,1
pedestrian_539.jpg,1
pedestrian_540.jpg,1
pedestrian_541.jpg,1
pedestrian_542.jpg,1
pedestrian_543.jpg,1
pedestrian_544.jpg,1
pedestrian_545.jpg,1
pedestrian_546.jpg,1
pedestrian_547.jpg,1
pedestrian_548.jpg,1
pedestrian_549.jpg,1
pedestrian_550.jpg,1
pedestrian_551.jpg,1
pedestrian_552.jpg,1
pedestrian_553.jpg,1
pedestrian_554.jpg,1
pedestrian_555.jpg,1
pedestrian_556.jpg,1
pedestrian_557.jpg,1
pedestrian_558.jpg,1
pedestrian_559.jpg,1
pedestrian_560.jpg,1
pedestrian_561.jpg,1
pedestrian_562.jpg,1
pedestrian_563.jpg,1
pedestrian_564.jpg,1
pedestrian_565.jpg,1
pedestrian_566.jpg,1
pedestrian_567.jpg,1
pedestrian_568.jpg,1
pedestrian_569.jpg,1
pedestrian_570.jpg,1
pedestrian_571.jpg,1
pedestrian_572.jpg,1
pedestrian_573.jpg,1
pedestrian_574.jpg,1
pedestrian_575.jpg,1
pedestrian_576.jpg,1
pedestrian_577.jpg,1
pedestrian_578.jpg,1
pedestrian_579.jpg,1
pedestrian_580.jpg,1
pedestrian_581.jpg,1
pedestrian_582.jpg,1
pedestrian_583.jpg,1
pedestrian_584.jpg,1
pedestrian_585.jpg,1
pedestrian_586.jpg,1
pedestrian_587.jpg,1
pedestrian_588.jpg,1
pedestrian_589.jpg,1
pedestrian_590.jpg,1
pedestrian_591.jpg,1
pedestrian_592.jpg,1
pedestrian_593.jpg,1
pedestrian_594.jpg,1
pedestrian_595.jpg,1
pedestrian_596.jpg,1
pedestrian_597.jpg,1
pedestrian_598.jpg,1
pedestrian_599.jpg,1
pedestrian_600.jpg,1
pedestrian_601.jpg,1
pedestrian_602.jpg,1
pedestrian_603.jpg,1
pedestrian_604.jpg,1
pedestrian_605.jpg,1
pedestrian_606.jpg,1
pedestrian_607.jpg,1
pedestrian_608.jpg,1
pedestrian_609.jpg,1
pedestrian_610.jpg,1
pedestrian_611.jpg,1
pedestrian_612.jpg,1
pedestrian_613.jpg,1
pedestrian_614.jpg,1
pedestrian_615.jpg,1
pedestrian_616.jpg,1
pedestrian_617.jpg,1
pedestrian_618.jpg,1
pedestrian_619.jpg,1
pedestrian_620.jpg,1
pedestrian_621.jpg,1
pedestrian_622.jpg,1
pedestrian_623.jpg,1
pedestrian_624.jpg,1
pedestrian_625.jpg,1
pedestrian_626.jpg,1
pedestrian_627.jpg,1
pedestrian_628.jpg,1
pedestrian_629.jpg,1
pedestrian_630.jpg,1
pedestrian_631.jpg,1
pedestrian_632.jpg,1
pedestrian_633.jpg,1
pedestrian_634.jpg,1
pedestrian_635.jpg,1
pedestrian_636.jpg,1
pedestrian_637.jpg,1
pedestrian_638.jpg,1
pedestrian_639.jpg,1
pedestrian_640.jpg,1
pedestrian_641.jpg,1
pedestrian_642.jpg,1
pedestrian_643.jpg,1
pedestrian_644.jpg,1
pedestrian_645.jpg,1
pedestrian_646.jpg,1
pedestrian_647.jpg,1
pedestrian_648.jpg,1
pedestrian_649.jpg,1
pedestrian_650.jpg,1
pedestrian_651.jpg,1
pedestrian_652.jpg,1
pedestrian_653.jpg,1
pedestrian_654.jpg,1
pedestrian_655.jpg,1
pedestrian_656.jpg,1
pedestrian_657.jpg,1
pedestrian_658.jpg,1
pedestrian_659.jpg,1
pedestrian_660.jpg,1
pedestrian_661.jpg,1
pedestrian_662.jpg,1
pedestrian_663.jpg,1
pedestrian_664.jpg,1
pedestrian_665.jpg,1
pedestrian_666.jpg,1
pedestrian_667.jpg,1
pedestrian_668.jpg,1
biker_1.jpg,2
biker_2.jpg,2
biker_3.jpg,2
biker_4.jpg,2
biker_5.jpg,2
biker_6.jpg,2
biker_7.jpg,2
biker_8.jpg,2
biker_9.jpg,2
biker_10.jpg,2
biker_11.jpg,2
biker_12.jpg,2
biker_13.jpg,2
biker_14.jpg,2
biker_15.jpg,2
biker_16.jpg,2
biker_17.jpg,2
biker_18.jpg,2
biker_19.jpg,2
biker_20.jpg,2
biker_21.jpg,2
biker_22.jpg,2
biker_23.jpg,2
biker_24.jpg,2
biker_25.jpg,2
biker_26.jpg,2
biker_27.jpg,2
biker_28.jpg,2
biker_29.jpg,2
biker_30.jpg,2
biker_31.jpg,2
biker_32.jpg,2
biker_33.jpg,2
biker_34.jpg,2
biker_35.jpg,2
biker_36.jpg,2
biker_37.jpg,2
biker_38.jpg,2
biker_39.jpg,2
biker_40.jpg,2
biker_41.jpg,2
biker_42.jpg,2
biker_43.jpg,2
biker_44.jpg,2
biker_45.jpg,2
biker_46.jpg,2
biker_47.jpg,2
biker_48.jpg,2
biker_49.jpg,2
biker_50.jpg,2
biker_51.jpg,2
biker_52.jpg,2
biker_53.jpg,2
biker_54.jpg,2
biker_55.jpg,2
biker_56.jpg,2
biker_57.jpg,2
biker_58.jpg,2
biker_59.jpg,2
biker_60.jpg,2
biker_61.jpg,2
biker_62.jpg,2
biker_63.jpg,2
biker_64.jpg,2
biker_65.jpg,2
biker_66.jpg,2
biker_67.jpg,2
biker_68.jpg,2
biker_69.jpg,2
biker_70.jpg,2
biker_71.jpg,2
biker_72.jpg,2
biker_73.jpg,2
biker_74.jpg,2
biker_75.jpg,2
biker_76.jpg,2
biker_77.jpg,2
biker_78.jpg,2
biker_79.jpg,2
biker_80.jpg,2
biker_81.jpg,2
biker_82.jpg,2
biker_83.jpg,2
biker_84.jpg,2
biker_85.jpg,2
biker_86.jpg,2
biker_87.jpg,2
biker_88.jpg,2
biker_89.jpg,2
biker_90.jpg,2
biker_91.jpg,2
biker_92.jpg,2
biker_93.jpg,2
biker_94.jpg,2
biker_95.jpg,2
biker_96.jpg,2
biker_97.jpg,2
biker_98.jpg,2
biker_99.jpg,2
biker_100.jpg,2
biker_101.jpg,2
biker_102.jpg,2
biker_103.jpg,2
biker_104.jpg,2
biker_105.jpg,2
biker_106.jpg,2
biker_107.jpg,2
biker_108.jpg,2
biker_109.jpg,2
biker_110.jpg,2
biker_111.jpg,2
biker_112.jpg,2
biker_113.jpg,2
biker_114.jpg,2
biker_115.jpg,2
biker_116.jpg,2
biker_117.jpg,2
biker_118.jpg,2
biker_119.jpg,2
biker_120.jpg,2
biker_121.jpg,2
biker_122.jpg,2
biker_123.jpg,2
biker_124.jpg,2
biker_125.jpg,2
biker_126.jpg,2
biker_127.jpg,2
biker_128.jpg,2
biker_129.jpg,2
biker_130.jpg,2
biker_131.jpg,2
biker_132.jpg,2
biker_133.jpg,2
biker_134.jpg,2
biker_135.jpg,2
biker_136.jpg,2
biker_137.jpg,2
biker_138.jpg,2
biker_139.jpg,2
biker_140.jpg,2
biker_141.jpg,2
biker_142.jpg,2
biker_143.jpg,2
biker_144.jpg,2
biker_145.jpg,2
biker_146.jpg,2
biker_147.jpg,2
biker_148.jpg,2
biker_149.jpg,2
biker_150.jpg,2
biker_151.jpg,2
biker_152.jpg,2
biker_153.jpg,2
biker_154.jpg,2
biker_155.jpg,2
biker_156.jpg,2
biker_157.jpg,2
biker_158.jpg,2
biker_159.jpg,2
biker_160.jpg,2
biker_161.jpg,2
biker_162.jpg,2
biker_163.jpg,2
biker_164.jpg,2
biker_165.jpg,2
biker_166.jpg,2
biker_167.jpg,2
biker_168.jpg,2
biker_169.jpg,2
biker_170.jpg,2
biker_171.jpg,2
biker_172.jpg,2
biker_173.jpg,2
biker_174.jpg,2
biker_175.jpg,2
biker_176.jpg,2
biker_177.jpg,2
biker_178.jpg,2
biker_179.jpg,2
biker_180.jpg,2
biker_181.jpg,2
biker_182.jpg,2
biker_183.jpg,2
biker_184.jpg,2
biker_185.jpg,2
biker_186.jpg,2
biker_187.jpg,2
biker_188.jpg,2
biker_189.jpg,2
biker_190.jpg,2
biker_191.jpg,2
biker_192.jpg,2
biker_193.jpg,2
biker_194.jpg,2
biker_195.jpg,2
biker_196.jpg,2
biker_197.jpg,2
biker_198.jpg,2
biker_199.jpg,2
biker_200.jpg,2
biker_201.jpg,2
biker_202.jpg,2
biker_203.jpg,2
biker_204.jpg,2
biker_205.jpg,2
biker_206.jpg,2
biker_207.jpg,2
